EmployeeID,EmployeeName,Gender,Age,Department,Designation,Experience,Salary,Bonus,City,State,Country,ManagerID,PerformanceRating,HireDate,Email,Phone,AnnualCompensation
2481,Rohan Khan,Female,53.0,HR,HR Executive,18.0,599146,149296.91,Chennai,Tamil Nadu,India,,3.6,2025-04-19,rohan.khan2481@company.com,9243864902,748442.91
2450,Pooja Verma,Female,27.0,Customer Support,Support Executive,18.4,1132453,230616.5,Chennai,Tamil Nadu,India,2310.0,,2015-09-22,pooja.verma2450@company.com,9474201463,1363069.5
2476,Sai Sharma,Female,48.0,Marketing,Marketing Executive,4.8,853296,193059.5,Bengaluru,Karnataka,India,,4.2,2024-07-26,sai.sharma2476@company.com,9340840062,1046355.5
2435,Diya Singh,Female,57.0,Warehouse,Warehouse Associate,8.0,1304343,105524.82,Delhi,Delhi,India,2064.0,3.9,2017-12-31,diya.singh2435@company.com,9005184022,1409867.82
2369,Aarav Patel,Female,22.0,Customer Support,Support Executive,7.6,707693,124742.86,Kolkata,West Bengal,India,2146.0,2.6,2015-05-02,aarav.patel2369@company.com,9187351089,832435.86
2056,Arjun Joshi,Male,30.0,Warehouse,Warehouse Associate,21.3,1034242,226576.24,Kolkata,West Bengal,India,2414.0,2.8,2018-02-15,arjun.joshi2056@company.com,9457665666,1260818.24
2323,Nikhil Nair,Female,50.0,Warehouse,Warehouse Associate,6.0,726026,63969.3,Hyderabad,Telangana,India,2221.0,3.2,2020-07-17,nikhil.nair2323@company.com,9869264412,789995.3
2077,Karan Khan,Male,37.0,IT,Tech Lead,11.4,1583199,169584.96,Ahmedabad,Gujarat,India,2232.0,,2016-07-09,karan.khan2077@company.com,,1752783.96
2105,Pooja Singh,Female,,HR,HR Manager,5.0,1436943,356454.85,Delhi,Delhi,India,2484.0,3.8,2024-05-29,pooja.singh2105@company.com,9800160124,1793397.85
2348,Varun Banerjee,Female,58.0,Warehouse,Warehouse Supervisor,24.9,1744975,412175.52,Ahmedabad,Gujarat,India,2074.0,4.3,2019-09-04,varun.banerjee2348@company.com,9544955640,2157150.52
2416,Komal Mehta,Female,51.0,HR,HR Manager,0.7,1377024,265276.14,Bengaluru,Karnataka,India,2028.0,2.9,2021-05-13,komal.mehta2416@company.com,9963764443,1642300.14
2221,Rahul Sharma,Male,38.0,Customer Support,Senior Support Executive,19.8,318727,77695.12,Lucknow,Uttar Pradesh,India,2080.0,4.5,2020-04-30,rahul.sharma2221@company.com,9301069960,396422.12
2118,Nikhil Patel,Male,42.0,Customer Support,Support Manager,20.1,811522,124324.18,Jaipur,Rajasthan,India,2237.0,2.9,2021-04-12,nikhil.patel2118@company.com,9241640615,935846.18
2250,Aarav Yadav,Male,33.0,Marketing,Digital Marketer,23.1,1304762,304313.05,Delhi,Delhi,India,2236.0,4.1,2020-05-26,aarav.yadav2250@company.com,9853747827,1609075.05
2174,Priya Sharma,Male,56.0,Operations,Operations Manager,20.5,465319,65991.04,Lucknow,Uttar Pradesh,India,2162.0,3.6,2024-08-09,priya.sharma2174@company.com,9146145006,531310.04
2094,Aarav Das,Female,36.0,Warehouse,Warehouse Supervisor,23.9,933226,155374.8,Lucknow,Uttar Pradesh,India,2121.0,2.5,2022-05-01,aarav.das2094@company.com,9013458731,1088600.8
2326,Rahul Sharma,Male,52.0,IT,Tech Lead,9.3,1201955,128110.5,Hyderabad,Telangana,India,2265.0,4.0,2023-07-17,rahul.sharma2326@company.com,9383971867,1330065.5
2276,Aarav Verma,Male,36.0,HR,HR Executive,4.7,404769,93474.3,Mumbai,Maharashtra,India,2033.0,3.6,2016-11-30,aarav.verma2276@company.com,9814728489,498243.3
2343,Pooja Yadav,Female,22.0,Warehouse,Warehouse Associate,19.4,1384958,330629.04,Mumbai,Maharashtra,India,2085.0,3.3,2019-07-04,pooja.yadav2343@company.com,9430915997,1715587.04
2071,Akash Sharma,Male,30.0,IT,Senior Software Engineer,0.5,1039908,102028.34,Pune,Maharashtra,India,,3.0,2022-06-30,akash.sharma2071@company.com,9905595346,1141936.34
2395,Deepak Yadav,Male,,Customer Support,Support Executive,16.3,1106035,143268.46,Lucknow,Uttar Pradesh,India,2097.0,,2015-11-26,deepak.yadav2395@company.com,9814655857,1249303.46
2010,Rahul Reddy,Male,,Finance,Accountant,13.6,593983,79817.25,Hyderabad,Telangana,India,2227.0,3.7,2024-10-21,rahul.reddy2010@company.com,9880650072,673800.25
2251,Rahul Nair,Male,34.0,Marketing,Digital Marketer,2.1,613115,65046.6,Delhi,Delhi,India,2432.0,3.3,2019-03-17,rahul.nair2251@company.com,9161173872,678161.6
2409,Karan Reddy,Male,,Operations,Operations Manager,16.0,1233480,152291.13,Mumbai,Maharashtra,India,2343.0,2.8,2016-05-14,karan.reddy2409@company.com,9925946053,1385771.13
2424,Komal Nair,Male,36.0,IT,Software Engineer,21.7,1770010,176064.44,Pune,Maharashtra,India,2053.0,3.0,2022-12-03,komal.nair2424@company.com,9751956210,1946074.44
2452,Priya Singh,Male,26.0,Operations,Operations Manager,24.1,922654,76494.16,Kolkata,West Bengal,India,2353.0,4.9,2020-05-26,priya.singh2452@company.com,9794958581,999148.16
2173,Rahul Sharma,Male,42.0,Customer Support,Senior Support Executive,16.7,821303,120227.21,Pune,Maharashtra,India,2314.0,2.9,2024-04-08,rahul.sharma2173@company.com,9061888042,941530.21
2031,Rakesh Kulkarni,Female,,Sales,Sales Executive,7.7,1148090,216251.28,Hyderabad,Telangana,India,2272.0,4.2,2019-02-20,rakesh.kulkarni2031@company.com,9395343273,1364341.28
2449,Aditya Mehta,Female,53.0,Warehouse,Warehouse Supervisor,22.0,1731422,101348.99,Delhi,Delhi,India,2288.0,4.4,2017-09-29,aditya.mehta2449@company.com,9082130340,1832770.99
2091,Sneha Patel,Male,21.0,HR,HR Manager,16.5,1297614,188789.48,Chennai,Tamil Nadu,India,2331.0,4.4,2018-03-22,sneha.patel2091@company.com,,1486403.48
2382,Rohan Patel,Male,53.0,Marketing,Digital Marketer,11.5,830090,75932.0,Delhi,Delhi,India,2346.0,3.7,2015-10-27,rohan.patel2382@company.com,9737830193,906022.0
2132,Meera Patel,Male,37.0,Finance,Accountant,23.1,1134614,171692.2,Jaipur,Rajasthan,India,2043.0,4.4,2019-10-01,meera.patel2132@company.com,9651009913,1306306.2
2365,Sonia Reddy,Male,50.0,Operations,Operations Manager,20.0,1600676,278271.3,Kolkata,West Bengal,India,2233.0,4.1,2022-07-30,sonia.reddy2365@company.com,9551075891,1878947.3
2074,Rohan Banerjee,Female,,Operations,Operations Manager,24.4,1340613,252589.85,Kolkata,West Bengal,India,2043.0,4.8,2020-10-27,rohan.banerjee2074@company.com,9706853063,1593202.85
2211,Ananya Sharma,Male,37.0,Warehouse,Warehouse Associate,11.5,1001825,102139.89,Kolkata,West Bengal,India,2177.0,3.9,2025-06-13,ananya.sharma2211@company.com,9018915617,1103964.89
2330,Vivaan Reddy,Female,41.0,Sales,Sales Manager,2.2,1563096,197384.93,Pune,Maharashtra,India,2444.0,3.1,2017-09-10,vivaan.reddy2330@company.com,9302346912,1760480.93
2370,Aarav Yadav,Male,45.0,Customer Support,Senior Support Executive,23.4,939783,132735.64,Kolkata,West Bengal,India,2270.0,4.5,2022-05-31,aarav.yadav2370@company.com,9998801971,1072518.64
2102,Pooja Yadav,Female,26.0,Finance,Accountant,7.1,1712792,292876.97,Delhi,Delhi,India,2301.0,4.7,2017-02-09,pooja.yadav2102@company.com,,2005668.97
2219,Rohan Verma,Male,42.0,Customer Support,Support Executive,1.9,1122968,72180.95,Ahmedabad,Gujarat,India,2419.0,3.0,2025-01-16,rohan.verma2219@company.com,,1195148.95
2155,Aarav Reddy,Female,28.0,Operations,Operations Executive,4.1,1532987,255296.63,Mumbai,Maharashtra,India,2403.0,4.8,2021-04-23,aarav.reddy2155@company.com,9253434602,1788283.63
2226,Sonia Das,Male,25.0,IT,Software Engineer,23.6,1389439,96460.2,Chennai,Tamil Nadu,India,2337.0,3.8,2017-02-15,sonia.das2226@company.com,9261741634,1485899.2
2400,Amit Das,Male,44.0,Warehouse,Warehouse Supervisor,13.1,1684599,147548.95,Kolkata,West Bengal,India,2497.0,2.5,2019-01-15,amit.das2400@company.com,9834646049,1832147.95
2064,Amit Nair,Male,44.0,Marketing,Digital Marketer,10.0,1009607,187564.33,Delhi,Delhi,India,2169.0,4.5,2022-04-05,amit.nair2064@company.com,9062769835,1197171.33
2003,Meera Gupta,Male,23.0,Finance,Finance Analyst,24.6,788197,176001.82,Pune,Maharashtra,India,2084.0,3.2,2022-02-16,meera.gupta2003@company.com,9322966171,964198.82
2442,Riya Patel,Male,24.0,Sales,Sales Manager,18.9,1355487,111244.49,Pune,Maharashtra,India,2233.0,4.6,2022-08-16,riya.patel2442@company.com,9589574195,1466731.49
2341,Pooja Reddy,Female,28.0,Customer Support,Support Manager,15.4,513632,110288.11,Delhi,Delhi,India,2446.0,3.8,2016-11-15,pooja.reddy2341@company.com,9237774813,623920.11
2083,Karan Yadav,Female,36.0,HR,HR Manager,23.4,955810,84079.57,Bengaluru,Karnataka,India,2451.0,3.7,2020-10-09,karan.yadav2083@company.com,9309592304,1039889.57
2285,Ananya Kulkarni,Female,57.0,Sales,Senior Sales Executive,11.9,590715,132816.25,Pune,Maharashtra,India,2238.0,3.0,2024-10-09,ananya.kulkarni2285@company.com,9706365276,723531.25
2210,Isha Nair,Female,45.0,Finance,Accountant,20.1,613625,88728.58,Delhi,Delhi,India,,2.9,2020-08-08,isha.nair2210@company.com,9865342800,702353.58
2472,Arjun Khan,Male,35.0,Marketing,Digital Marketer,24.4,1601236,244497.22,Pune,Maharashtra,India,2352.0,3.0,2018-02-12,arjun.khan2472@company.com,,1845733.22
2182,Diya Reddy,Male,39.0,Warehouse,Warehouse Associate,24.6,456172,39867.3,Bengaluru,Karnataka,India,2220.0,4.3,2016-05-03,diya.reddy2182@company.com,9221804909,496039.3
2078,Riya Khan,Female,31.0,HR,HR Manager,13.0,554515,136979.9,Bengaluru,Karnataka,India,,3.1,2020-07-16,riya.khan2078@company.com,9538560397,691494.9
2297,Aditya Joshi,Female,58.0,Warehouse,Warehouse Supervisor,21.8,1617003,302674.77,Mumbai,Maharashtra,India,2433.0,,2023-03-22,aditya.joshi2297@company.com,9251463036,1919677.77
2453,Komal Mehta,Male,41.0,Marketing,Marketing Executive,4.2,1261877,298766.89,Ahmedabad,Gujarat,India,2346.0,4.7,2016-04-10,komal.mehta2453@company.com,9450481490,1560643.89
2496,Sonia Yadav,Female,,Warehouse,Warehouse Associate,10.0,1091104,206314.79,Pune,Maharashtra,India,,4.3,2021-02-28,sonia.yadav2496@company.com,9489314025,1297418.79
2426,Rahul Khan,Male,32.0,Sales,Sales Executive,1.8,974527,90041.92,Ahmedabad,Gujarat,India,,3.2,2021-10-20,rahul.khan2426@company.com,9193300583,1064568.92
2034,Isha Patel,Female,59.0,Finance,Finance Manager,9.8,1228453,134479.52,Lucknow,Uttar Pradesh,India,2031.0,5.0,2018-06-04,isha.patel2034@company.com,9679226110,1362932.52
2080,Riya Singh,Male,41.0,Finance,Finance Analyst,23.7,1388207,317878.83,Mumbai,Maharashtra,India,2141.0,3.1,2022-02-14,riya.singh2080@company.com,9135519167,1706085.83
2418,Neha Mehta,Male,51.0,Warehouse,Warehouse Associate,10.4,1592446,140193.85,Delhi,Delhi,India,2177.0,4.3,2022-11-17,neha.mehta2418@company.com,9279885669,1732639.85
2168,Vivaan Mehta,Male,22.0,Sales,Sales Manager,3.3,1231794,155268.56,Jaipur,Rajasthan,India,2356.0,3.1,2022-11-14,vivaan.mehta2168@company.com,9604156748,1387062.56
2069,Aditya Khan,Male,,Marketing,Marketing Executive,10.7,1131424,170167.78,Chennai,Tamil Nadu,India,2015.0,3.5,2015-12-01,aditya.khan2069@company.com,9307310948,1301591.78
2001,Rakesh Patel,Male,38.0,Finance,Accountant,3.9,514947,95440.22,Jaipur,Rajasthan,India,,2.7,2019-09-25,rakesh.patel2001@company.com,9026577442,610387.22
2085,Sai Patel,Female,,Marketing,Marketing Manager,23.5,602550,54115.97,Jaipur,Rajasthan,India,,3.5,2015-06-14,sai.patel2085@company.com,9134465361,656665.97
2012,Vivaan Kulkarni,Female,24.0,Sales,Sales Manager,12.2,1413852,115209.92,Jaipur,Rajasthan,India,,2.7,2017-01-31,vivaan.kulkarni2012@company.com,9084955006,1529061.92
2230,Arjun Joshi,Female,23.0,Operations,Operations Executive,19.6,1001265,119737.32,Pune,Maharashtra,India,,3.5,2024-09-24,arjun.joshi2230@company.com,9778966053,1121002.32
2023,Pooja Singh,Female,54.0,Marketing,Digital Marketer,15.5,1358596,183883.46,Jaipur,Rajasthan,India,2244.0,3.6,2016-10-13,pooja.singh2023@company.com,9478274247,1542479.46
2324,Priya Gupta,Female,36.0,Marketing,Marketing Manager,17.3,1260839,84662.48,Ahmedabad,Gujarat,India,2204.0,2.8,2018-08-17,priya.gupta2324@company.com,9677720032,1345501.48
2079,Amit Banerjee,Female,57.0,Customer Support,Support Executive,24.3,1647081,106785.21,Ahmedabad,Gujarat,India,,4.2,2018-11-12,amit.banerjee2079@company.com,,1753866.21
2248,Aditya Verma,Female,48.0,Marketing,Digital Marketer,13.4,1607037,194082.93,Bengaluru,Karnataka,India,2324.0,4.0,2020-07-26,aditya.verma2248@company.com,9488221147,1801119.93
2073,Nikhil Reddy,Female,23.0,IT,Software Engineer,1.6,718318,163171.74,Kolkata,West Bengal,India,2418.0,4.8,2020-10-12,nikhil.reddy2073@company.com,9527137831,881489.74
2475,Nikhil Das,Female,34.0,HR,HR Executive,9.0,903964,172811.4,Hyderabad,Telangana,India,2465.0,4.3,2016-01-22,nikhil.das2475@company.com,9743923018,1076775.4
2336,Neha Sharma,Male,31.0,HR,HR Manager,24.1,1288784,69498.39,Ahmedabad,Gujarat,India,2425.0,4.0,2017-04-04,neha.sharma2336@company.com,9800679875,1358282.39
2019,Arjun Joshi,Female,43.0,Marketing,Digital Marketer,15.4,1372531,100372.03,Lucknow,Uttar Pradesh,India,2001.0,3.0,2015-07-01,arjun.joshi2019@company.com,9586971499,1472903.03
2281,Isha Kulkarni,Female,58.0,Marketing,Digital Marketer,5.4,1719462,394916.66,Chennai,Tamil Nadu,India,2122.0,4.4,2018-08-28,isha.kulkarni2281@company.com,9783244819,2114378.66
2125,Sai Gupta,Male,,Finance,Finance Manager,10.1,598155,98985.74,Hyderabad,Telangana,India,2325.0,4.1,2019-03-17,sai.gupta2125@company.com,9774768445,697140.74
2443,Sai Kulkarni,Male,46.0,Sales,Sales Executive,10.1,1472925,251894.74,Mumbai,Maharashtra,India,2335.0,4.5,2020-04-02,sai.kulkarni2443@company.com,9681861106,1724819.74
2249,Komal Yadav,Male,60.0,Operations,Operations Manager,1.6,1033269,167475.44,Chennai,Tamil Nadu,India,2131.0,2.5,2017-04-04,komal.yadav2249@company.com,9735306376,1200744.44
2040,Nikhil Das,Female,51.0,Warehouse,Warehouse Associate,11.7,603336,76453.05,Lucknow,Uttar Pradesh,India,,3.8,2024-11-10,nikhil.das2040@company.com,9078372078,679789.05
2461,Aditya Verma,Female,34.0,Operations,Operations Executive,12.5,346047,45937.4,Ahmedabad,Gujarat,India,2215.0,4.9,2015-11-09,aditya.verma2461@company.com,9339810156,391984.4
2047,Pooja Sharma,Female,29.0,Customer Support,Senior Support Executive,8.5,1171373,99716.66,Bengaluru,Karnataka,India,2272.0,4.5,2024-10-29,pooja.sharma2047@company.com,9521999288,1271089.66
2302,Diya Singh,Female,22.0,Customer Support,Support Executive,21.2,881698,211394.43,Kolkata,West Bengal,India,2374.0,3.4,2024-08-03,diya.singh2302@company.com,9650875791,1093092.43
2196,Diya Joshi,Male,47.0,Sales,Sales Executive,1.6,1502688,253157.14,Bengaluru,Karnataka,India,2076.0,4.1,2015-06-10,diya.joshi2196@company.com,9021955076,1755845.14
2359,Karan Yadav,Female,45.0,HR,HR Executive,3.6,1076954,255506.87,Ahmedabad,Gujarat,India,,2.5,2023-05-02,karan.yadav2359@company.com,9293063724,1332460.87
2105,Pooja Singh,Female,,HR,HR Manager,5.0,1436943,356454.85,Delhi,Delhi,India,2484.0,3.8,2024-05-29,pooja.singh2105@company.com,9800160124,1793397.85
2282,Pooja Singh,Female,44.0,HR,HR Manager,18.1,1625444,197845.85,Hyderabad,Telangana,India,,3.0,2016-06-05,pooja.singh2282@company.com,9521447221,1823289.85
2149,Aarav Sharma,Female,49.0,Operations,Operations Executive,22.2,1334067,301971.58,Kolkata,West Bengal,India,2404.0,3.9,2016-02-20,aarav.sharma2149@company.com,9866108239,1636038.58
2156,Sai Joshi,Female,,Operations,Operations Manager,17.4,403370,80331.12,Hyderabad,Telangana,India,2407.0,4.7,2015-03-24,sai.joshi2156@company.com,9324608194,483701.12
2447,Karan Gupta,Male,60.0,Customer Support,Support Executive,14.4,1343380,93339.67,Delhi,Delhi,India,2445.0,2.9,2024-10-05,karan.gupta2447@company.com,9970039123,1436719.67
2183,Sonia Sharma,Female,52.0,Marketing,Marketing Executive,19.7,966598,149899.06,Bengaluru,Karnataka,India,2213.0,3.8,2023-10-26,sonia.sharma2183@company.com,9543863296,1116497.06
2070,Varun Kulkarni,Female,49.0,Sales,Sales Executive,1.0,752260,163234.87,Jaipur,Rajasthan,India,2057.0,4.9,2021-10-29,varun.kulkarni2070@company.com,9721266084,915494.87
2245,Varun Das,Male,50.0,Warehouse,Warehouse Supervisor,13.8,312059,53548.32,Ahmedabad,Gujarat,India,2233.0,3.1,2021-08-08,varun.das2245@company.com,9406256580,365607.32
2299,Sai Nair,Female,44.0,Warehouse,Warehouse Supervisor,8.8,641896,45243.12,Bengaluru,Karnataka,India,2460.0,3.8,2024-04-29,sai.nair2299@company.com,9569877849,687139.12
2413,Diya Joshi,Female,38.0,HR,HR Manager,2.3,834705,85252.5,Bengaluru,Karnataka,India,2347.0,3.5,2015-12-08,diya.joshi2413@company.com,9465079613,919957.5
2074,Rohan Banerjee,Female,,Operations,Operations Manager,24.4,1340613,252589.85,Kolkata,West Bengal,India,2043.0,4.8,2020-10-27,rohan.banerjee2074@company.com,9706853063,1593202.85
2303,Varun Nair,Male,27.0,Finance,Finance Manager,21.4,1295550,159731.73,Lucknow,Uttar Pradesh,India,2093.0,3.0,2022-07-21,varun.nair2303@company.com,9894547345,1455281.73
2494,Sneha Khan,Female,22.0,Sales,Senior Sales Executive,10.8,720502,84232.63,Delhi,Delhi,India,2169.0,2.8,2021-02-18,sneha.khan2494@company.com,9968209977,804734.63
2181,Riya Kulkarni,Male,45.0,Operations,Operations Manager,23.9,1736861,195450.35,Jaipur,Rajasthan,India,2318.0,2.6,2023-05-05,riya.kulkarni2181@company.com,9884267357,1932311.35
2375,Nikhil Joshi,Male,,IT,Software Engineer,19.4,891072,191100.88,Pune,Maharashtra,India,2336.0,4.9,2024-03-20,nikhil.joshi2375@company.com,9069982722,1082172.88
2133,Meera Mehta,Male,40.0,Operations,Operations Executive,1.9,480801,112952.44,Mumbai,Maharashtra,India,,3.6,2021-10-29,meera.mehta2133@company.com,9661010435,593753.44
2342,Sai Patel,Male,49.0,Operations,Operations Executive,6.5,1293344,152956.05,Jaipur,Rajasthan,India,2387.0,2.9,2017-12-25,sai.patel2342@company.com,9462757149,1446300.05
2438,Pooja Kulkarni,Female,25.0,Customer Support,Support Manager,11.0,884006,69777.74,Kolkata,West Bengal,India,2181.0,5.0,2017-01-14,pooja.kulkarni2438@company.com,9346473862,953783.74
2177,Meera Patel,Female,50.0,HR,HR Manager,0.6,401862,64557.23,Pune,Maharashtra,India,2400.0,4.6,2020-06-01,meera.patel2177@company.com,9915713685,466419.23
2311,Nikhil Verma,Male,41.0,Operations,Operations Manager,8.4,504945,106879.34,Mumbai,Maharashtra,India,2258.0,4.2,2017-04-23,nikhil.verma2311@company.com,9861292690,611824.34
2350,Komal Verma,Male,28.0,Marketing,Marketing Executive,21.8,1175718,171931.46,Hyderabad,Telangana,India,2194.0,3.9,2025-02-04,komal.verma2350@company.com,9476754448,1347649.46
2486,Riya Banerjee,Female,32.0,Finance,Finance Manager,6.9,1585050,295237.89,Lucknow,Uttar Pradesh,India,2095.0,2.8,2016-08-22,riya.banerjee2486@company.com,9172562421,1880287.89
2138,Vivaan Singh,Female,26.0,Sales,Sales Executive,22.5,1390014,184331.65,Kolkata,West Bengal,India,,3.6,2023-05-22,vivaan.singh2138@company.com,9018054922,1574345.65
2498,Komal Yadav,Female,35.0,Warehouse,Warehouse Supervisor,23.6,1456381,158070.76,Chennai,Tamil Nadu,India,2278.0,3.8,2017-12-31,komal.yadav2498@company.com,9509762219,1614451.76
2272,Sonia Mehta,Male,49.0,IT,Software Engineer,1.4,447665,73537.44,Hyderabad,Telangana,India,2077.0,4.4,2015-03-18,sonia.mehta2272@company.com,9600313307,521202.44
2441,Aditya Verma,Male,22.0,HR,HR Manager,4.0,813898,53239.56,Lucknow,Uttar Pradesh,India,,4.6,2019-09-02,aditya.verma2441@company.com,9177624376,867137.56
2354,Vivaan Das,Female,27.0,Marketing,Marketing Executive,10.6,979933,99548.31,Mumbai,Maharashtra,India,2301.0,2.6,2017-09-08,vivaan.das2354@company.com,9255923500,1079481.31
2087,Rakesh Reddy,Male,24.0,Warehouse,Warehouse Associate,13.3,1599680,327808.39,Pune,Maharashtra,India,2294.0,2.9,2022-08-20,rakesh.reddy2087@company.com,9910316479,1927488.39
2076,Vivaan Singh,Male,36.0,Marketing,Digital Marketer,9.9,1489598,84128.12,Bengaluru,Karnataka,India,2228.0,4.2,2025-08-22,vivaan.singh2076@company.com,9755362174,1573726.12
2448,Aditya Patel,Male,50.0,IT,Senior Software Engineer,24.5,1227036,220938.16,Bengaluru,Karnataka,India,2021.0,4.8,2025-11-24,aditya.patel2448@company.com,9324664563,1447974.16
2016,Akash Sharma,Male,25.0,HR,HR Executive,20.9,1521611,244226.2,Pune,Maharashtra,India,2478.0,2.8,2018-06-16,akash.sharma2016@company.com,9788221784,1765837.2
2204,Akash Khan,Female,43.0,IT,Software Engineer,15.4,707948,99786.55,Pune,Maharashtra,India,2260.0,3.9,2017-12-05,akash.khan2204@company.com,9102989885,807734.55
2275,Akash Mehta,Female,52.0,Warehouse,Warehouse Associate,1.4,417554,49080.85,Delhi,Delhi,India,2342.0,3.5,2017-05-17,akash.mehta2275@company.com,9598572074,466634.85
2394,Rohan Nair,Female,44.0,Sales,Sales Manager,9.9,1189277,234445.55,Chennai,Tamil Nadu,India,2324.0,3.7,2025-05-02,rohan.nair2394@company.com,9706169125,1423722.55
2020,Sonia Roy,Male,40.0,IT,Tech Lead,10.5,1143894,216701.2,Jaipur,Rajasthan,India,2195.0,2.8,2019-09-19,sonia.roy2020@company.com,9696350245,1360595.2
2454,Diya Kulkarni,Male,47.0,HR,HR Manager,5.8,739905,177928.93,Lucknow,Uttar Pradesh,India,2009.0,4.9,2019-02-25,diya.kulkarni2454@company.com,9338149438,917833.93
2339,Sneha Reddy,Male,60.0,Finance,Finance Analyst,17.4,480757,88176.26,Bengaluru,Karnataka,India,2052.0,2.9,2016-10-02,sneha.reddy2339@company.com,9794259326,568933.26
2057,Aarav Singh,Female,40.0,Marketing,Digital Marketer,0.6,600420,98027.1,Pune,Maharashtra,India,2016.0,2.7,2023-04-24,aarav.singh2057@company.com,9053413395,698447.1
2334,Ananya Gupta,Male,26.0,IT,Tech Lead,3.1,1420667,76123.66,Pune,Maharashtra,India,2236.0,2.8,2016-12-04,ananya.gupta2334@company.com,9689646936,1496790.66
2362,Amit Reddy,Male,,Sales,Senior Sales Executive,23.0,1416545,197993.75,Delhi,Delhi,India,,3.5,2018-10-02,amit.reddy2362@company.com,9507940213,1614538.75
2239,Varun Roy,Female,47.0,IT,Senior Software Engineer,18.8,1635565,387056.47,Hyderabad,Telangana,India,,2.9,2017-02-08,varun.roy2239@company.com,9176252263,2022621.47
2406,Nikhil Gupta,Male,24.0,HR,HR Manager,18.3,927261,228920.26,Bengaluru,Karnataka,India,2217.0,5.0,2021-02-22,nikhil.gupta2406@company.com,9697352618,1156181.26
2308,Neha Khan,Male,45.0,Warehouse,Warehouse Supervisor,21.4,1228107,174306.76,Delhi,Delhi,India,2156.0,2.9,2022-05-24,neha.khan2308@company.com,9814337545,1402413.76
2469,Aarav Singh,Male,41.0,Operations,Operations Executive,4.7,700890,136548.5,Kolkata,West Bengal,India,2479.0,,2021-01-10,aarav.singh2469@company.com,9608003267,837438.5
2432,Priya Singh,Female,22.0,Customer Support,Support Manager,18.8,1101072,263300.74,Hyderabad,Telangana,India,2106.0,4.7,2022-02-11,priya.singh2432@company.com,9822587127,1364372.74
2490,Komal Reddy,Male,27.0,HR,HR Manager,19.0,1180921,276896.64,Delhi,Delhi,India,,4.0,2016-04-13,komal.reddy2490@company.com,9743601141,1457817.64
2026,Neha Singh,Female,32.0,Sales,Senior Sales Executive,9.8,743883,104842.77,Kolkata,West Bengal,India,2488.0,4.4,2019-04-02,neha.singh2026@company.com,9820059367,848725.77
2366,Amit Das,Female,47.0,Warehouse,Warehouse Supervisor,5.1,588720,123280.98,Delhi,Delhi,India,2492.0,2.8,2021-07-22,amit.das2366@company.com,9635514629,712000.98
2043,Akash Banerjee,Female,52.0,Sales,Sales Manager,2.2,1623640,303425.7,Hyderabad,Telangana,India,,5.0,2023-05-17,akash.banerjee2043@company.com,9977112030,1927065.7
2141,Sai Patel,Male,24.0,Finance,Accountant,5.4,1140080,141880.62,Mumbai,Maharashtra,India,2039.0,4.0,2017-11-26,sai.patel2141@company.com,9009419830,1281960.62
2419,Deepak Khan,Male,32.0,Customer Support,Senior Support Executive,21.1,1377274,166179.55,Delhi,Delhi,India,2497.0,3.6,2019-04-02,deepak.khan2419@company.com,9192571222,1543453.55
2317,Aditya Gupta,Male,,Marketing,Marketing Manager,18.6,794798,188446.62,Chennai,Tamil Nadu,India,2141.0,2.9,2016-12-18,aditya.gupta2317@company.com,9425439346,983244.62
2127,Pooja Sharma,Male,31.0,Warehouse,Warehouse Supervisor,0.5,1197160,108299.45,Bengaluru,Karnataka,India,2478.0,4.7,2018-05-21,pooja.sharma2127@company.com,9803066067,1305459.45
2333,Deepak Kulkarni,Female,43.0,IT,Tech Lead,2.5,1355799,72201.37,Ahmedabad,Gujarat,India,2024.0,2.9,2017-01-16,deepak.kulkarni2333@company.com,9082546629,1428000.37
2032,Komal Nair,Male,33.0,Finance,Finance Manager,12.4,1536453,376924.81,Jaipur,Rajasthan,India,,4.0,2025-12-30,komal.nair2032@company.com,9121052956,1913377.81
2114,Komal Kulkarni,Female,57.0,Finance,Finance Analyst,9.7,1124044,138260.9,Lucknow,Uttar Pradesh,India,2394.0,3.0,2021-02-12,komal.kulkarni2114@company.com,9594742687,1262304.9
2154,Pooja Singh,Male,34.0,Finance,Accountant,1.5,464350,114999.06,Pune,Maharashtra,India,2428.0,3.0,2024-03-23,pooja.singh2154@company.com,9537805585,579349.06
2212,Rohan Roy,Female,49.0,Customer Support,Senior Support Executive,15.5,1272558,224405.98,Bengaluru,Karnataka,India,2173.0,4.7,2022-03-08,rohan.roy2212@company.com,9464903367,1496963.98
2423,Amit Kulkarni,Female,29.0,Customer Support,Support Executive,19.9,564500,45785.69,Jaipur,Rajasthan,India,2348.0,2.5,2022-09-04,amit.kulkarni2423@company.com,9845042046,610285.69
2058,Vivaan Singh,Male,60.0,Sales,Sales Manager,2.5,1229275,224204.69,Ahmedabad,Gujarat,India,2387.0,4.0,2019-08-24,vivaan.singh2058@company.com,9531655329,1453479.69
2267,Sai Joshi,Male,52.0,Operations,Operations Manager,6.3,1223134,238755.53,Bengaluru,Karnataka,India,2028.0,3.0,2023-03-27,sai.joshi2267@company.com,9671133775,1461889.53
2025,Aarav Roy,Female,45.0,Operations,Operations Executive,12.5,872386,119662.74,Delhi,Delhi,India,2208.0,3.5,2022-07-02,aarav.roy2025@company.com,9789959560,992048.74
2018,Rohan Das,Male,35.0,Sales,Sales Manager,5.2,988415,104495.84,Mumbai,Maharashtra,India,2261.0,4.9,2018-02-17,rohan.das2018@company.com,9395919192,1092910.84
2186,Komal Reddy,Female,25.0,HR,HR Executive,11.8,995657,57327.2,Mumbai,Maharashtra,India,2037.0,2.6,2023-11-28,komal.reddy2186@company.com,9522364065,1052984.2
2067,Ananya Kulkarni,Female,23.0,Operations,Operations Manager,17.1,798136,194679.51,Lucknow,Uttar Pradesh,India,2120.0,,2023-05-25,ananya.kulkarni2067@company.com,9538483994,992815.51
2403,Isha Khan,Male,42.0,Operations,Operations Manager,16.5,1478389,359617.53,Pune,Maharashtra,India,2149.0,4.5,2017-07-04,isha.khan2403@company.com,9007971389,1838006.53
2397,Sai Gupta,Female,32.0,Customer Support,Senior Support Executive,14.4,745798,64979.6,Delhi,Delhi,India,2133.0,4.4,2024-01-28,sai.gupta2397@company.com,9984916001,810777.6
2095,Riya Roy,Male,35.0,HR,HR Manager,4.3,1570326,195858.86,Jaipur,Rajasthan,India,2341.0,4.8,2023-06-30,riya.roy2095@company.com,9876575539,1766184.86
2497,Isha Banerjee,Male,21.0,Finance,Accountant,2.4,565742,77909.0,Hyderabad,Telangana,India,2456.0,2.6,2018-12-03,isha.banerjee2497@company.com,9226410254,643651.0
2355,Rakesh Gupta,Male,38.0,Customer Support,Support Executive,19.2,1666401,345016.39,Hyderabad,Telangana,India,,3.9,2020-01-01,rakesh.gupta2355@company.com,9629397549,2011417.39
2024,Isha Das,Female,41.0,Customer Support,Support Executive,4.2,1103283,208288.76,Chennai,Tamil Nadu,India,2239.0,2.7,2019-07-28,isha.das2024@company.com,9424956873,1311571.76
2232,Nikhil Singh,Male,51.0,Finance,Finance Analyst,10.2,1498167,133666.25,Lucknow,Uttar Pradesh,India,2037.0,5.0,2020-11-17,nikhil.singh2232@company.com,9246514313,1631833.25
2266,Amit Patel,Female,37.0,HR,HR Manager,7.2,838875,44326.66,Mumbai,Maharashtra,India,2078.0,4.0,2025-03-16,amit.patel2266@company.com,9631721509,883201.66
2209,Rohan Joshi,Female,32.0,IT,Software Engineer,7.1,1585730,188098.17,Bengaluru,Karnataka,India,2386.0,3.7,2017-05-12,rohan.joshi2209@company.com,9382115202,1773828.17
2006,Akash Reddy,Female,42.0,Customer Support,Senior Support Executive,11.2,1251527,63388.67,Hyderabad,Telangana,India,2468.0,4.9,2023-07-18,akash.reddy2006@company.com,9168513199,1314915.67
2117,Deepak Joshi,Male,43.0,Sales,Senior Sales Executive,3.1,1172363,274461.33,Mumbai,Maharashtra,India,2179.0,2.8,2025-07-20,deepak.joshi2117@company.com,9342444633,1446824.33
2046,Karan Das,Male,57.0,Sales,Sales Manager,18.8,900192,184672.76,Chennai,Tamil Nadu,India,2098.0,4.0,2018-12-14,karan.das2046@company.com,9667686963,1084864.76
2395,Deepak Yadav,Male,,Customer Support,Support Executive,16.3,1106035,143268.46,Lucknow,Uttar Pradesh,India,2097.0,,2015-11-26,deepak.yadav2395@company.com,9814655857,1249303.46
2017,Sonia Kulkarni,Male,36.0,HR,HR Executive,22.1,351980,30225.27,Kolkata,West Bengal,India,2443.0,4.5,2019-08-14,sonia.kulkarni2017@company.com,9721730419,382205.27
2473,Aarav Verma,Female,43.0,IT,Software Engineer,23.2,476300,57577.7,Chennai,Tamil Nadu,India,2171.0,,2020-08-18,aarav.verma2473@company.com,,533877.7
2462,Vivaan Patel,Female,43.0,Warehouse,Warehouse Associate,4.4,833727,196189.83,Chennai,Tamil Nadu,India,,4.0,2021-01-04,vivaan.patel2462@company.com,9518123279,1029916.83
2004,Karan Das,Male,41.0,Sales,Sales Executive,20.6,961552,125225.76,Mumbai,Maharashtra,India,2368.0,3.0,2025-07-29,karan.das2004@company.com,9363942252,1086777.76
2228,Varun Nair,Female,44.0,Warehouse,Warehouse Supervisor,24.0,300410,58658.85,Hyderabad,Telangana,India,,4.0,2020-10-21,varun.nair2228@company.com,9809237989,359068.85
2483,Nikhil Roy,Female,50.0,Marketing,Digital Marketer,11.9,1160374,165071.09,Jaipur,Rajasthan,India,2387.0,2.6,2023-08-07,nikhil.roy2483@company.com,9197536880,1325445.09
2061,Riya Kulkarni,Female,35.0,Marketing,Marketing Executive,2.4,1627968,118524.74,Jaipur,Rajasthan,India,2373.0,3.0,2023-09-15,riya.kulkarni2061@company.com,9961121170,1746492.74
2111,Sai Kulkarni,Female,41.0,Marketing,Marketing Executive,2.7,946483,131511.14,Hyderabad,Telangana,India,2230.0,2.8,2015-12-24,sai.kulkarni2111@company.com,9551055780,1077994.14
2325,Rohan Joshi,Male,21.0,IT,Tech Lead,15.7,934403,229400.4,Kolkata,West Bengal,India,2298.0,2.8,2025-01-02,rohan.joshi2325@company.com,9114340742,1163803.4
2298,Rohan Sharma,Female,39.0,Customer Support,Support Manager,5.2,1617074,140118.65,Mumbai,Maharashtra,India,2447.0,4.0,2016-11-15,rohan.sharma2298@company.com,9387263531,1757192.65
2030,Meera Joshi,Female,42.0,Sales,Senior Sales Executive,21.3,681345,100505.19,Kolkata,West Bengal,India,2306.0,4.5,2018-10-26,meera.joshi2030@company.com,9720907476,781850.19
2193,Isha Yadav,Male,53.0,HR,HR Manager,4.4,1487737,356673.59,Bengaluru,Karnataka,India,2021.0,4.3,2020-06-03,isha.yadav2193@company.com,9240302934,1844410.59
2465,Rakesh Nair,Female,46.0,Sales,Sales Executive,4.9,976711,132712.91,Bengaluru,Karnataka,India,2191.0,3.4,2015-10-25,rakesh.nair2465@company.com,9371303478,1109423.91
2027,Rakesh Sharma,Male,36.0,Finance,Accountant,15.7,800265,60215.3,Mumbai,Maharashtra,India,2132.0,3.9,2017-06-11,rakesh.sharma2027@company.com,9716718910,860480.3
2008,Sonia Banerjee,Male,55.0,Finance,Finance Manager,8.1,1708629,307511.55,Ahmedabad,Gujarat,India,,4.7,2020-01-24,sonia.banerjee2008@company.com,9235220629,2016140.55
2463,Priya Das,Female,33.0,Customer Support,Senior Support Executive,17.8,1667184,181496.61,Ahmedabad,Gujarat,India,2099.0,3.6,2025-08-12,priya.das2463@company.com,9218791751,1848680.61
2109,Aarav Gupta,Male,46.0,Customer Support,Senior Support Executive,4.5,804306,131374.69,Pune,Maharashtra,India,2387.0,4.2,2021-01-23,aarav.gupta2109@company.com,9776073020,935680.69
2038,Karan Yadav,Male,50.0,Customer Support,Senior Support Executive,6.7,543105,132537.69,Pune,Maharashtra,India,2337.0,4.7,2024-04-01,karan.yadav2038@company.com,9840564402,675642.69
2158,Diya Yadav,Male,36.0,Sales,Senior Sales Executive,1.7,1055761,201573.06,Hyderabad,Telangana,India,2326.0,3.4,2020-03-16,diya.yadav2158@company.com,9962449453,1257334.06
2477,Isha Nair,Male,30.0,Customer Support,Support Executive,8.0,1003966,141080.59,Kolkata,West Bengal,India,2130.0,5.0,2017-11-20,isha.nair2477@company.com,9303787895,1145046.59
2119,Karan Sharma,Male,34.0,IT,Tech Lead,20.3,431205,71351.31,Jaipur,Rajasthan,India,2059.0,3.0,2018-08-28,karan.sharma2119@company.com,9285656538,502556.31
2115,Neha Mehta,Female,29.0,IT,Software Engineer,6.7,623261,120318.84,Pune,Maharashtra,India,2206.0,2.7,2021-09-15,neha.mehta2115@company.com,9598409785,743579.84
2176,Rakesh Reddy,Female,56.0,Marketing,Marketing Manager,3.1,644258,95662.28,Pune,Maharashtra,India,2062.0,2.8,2021-11-07,rakesh.reddy2176@company.com,9934771498,739920.28
2195,Rohan Yadav,Female,,Warehouse,Warehouse Associate,12.8,591437,81606.32,Chennai,Tamil Nadu,India,2077.0,,2022-03-20,rohan.yadav2195@company.com,9137128744,673043.32
2319,Akash Yadav,Male,49.0,Operations,Operations Executive,22.8,1124129,264734.04,Hyderabad,Telangana,India,2121.0,3.3,2025-07-02,akash.yadav2319@company.com,9281438672,1388863.04
2145,Meera Roy,Female,58.0,Sales,Sales Manager,17.7,1490451,242528.12,Lucknow,Uttar Pradesh,India,2452.0,4.9,2024-05-20,meera.roy2145@company.com,9951006043,1732979.12
2377,Deepak Reddy,Female,55.0,IT,Senior Software Engineer,14.9,1490296,308597.92,Bengaluru,Karnataka,India,2291.0,2.9,2025-09-07,deepak.reddy2377@company.com,9666892351,1798893.92
2430,Ananya Joshi,Male,58.0,Sales,Sales Manager,11.7,1784267,346354.48,Hyderabad,Telangana,India,2138.0,3.3,2017-06-21,ananya.joshi2430@company.com,9510201892,2130621.48
2205,Nikhil Verma,Female,57.0,Warehouse,Warehouse Associate,19.1,1262274,235185.55,Lucknow,Uttar Pradesh,India,,4.7,2020-05-28,nikhil.verma2205@company.com,9069623950,1497459.55
2322,Ananya Banerjee,Female,57.0,Finance,Accountant,23.7,1471322,263986.56,Chennai,Tamil Nadu,India,2135.0,4.8,2025-12-04,ananya.banerjee2322@company.com,9714420391,1735308.56
2363,Rakesh Mehta,Male,22.0,Warehouse,Warehouse Supervisor,20.3,1542627,323094.25,Kolkata,West Bengal,India,,4.6,2017-10-09,rakesh.mehta2363@company.com,9230379767,1865721.25
2455,Neha Nair,Female,28.0,HR,HR Manager,11.0,670976,107725.68,Bengaluru,Karnataka,India,2338.0,3.9,2019-04-12,neha.nair2455@company.com,9642698981,778701.68
2142,Pooja Sharma,Male,57.0,Operations,Operations Manager,12.7,1102641,205799.76,Bengaluru,Karnataka,India,2144.0,3.4,2025-03-09,pooja.sharma2142@company.com,9416664840,1308440.76
2495,Vivaan Roy,Male,47.0,Customer Support,Support Manager,12.2,571506,59494.74,Delhi,Delhi,India,2333.0,,2020-07-27,vivaan.roy2495@company.com,9347829071,631000.74
2068,Riya Reddy,Female,53.0,Operations,Operations Executive,20.5,1568071,121807.3,Hyderabad,Telangana,India,2284.0,,2020-05-22,riya.reddy2068@company.com,9975101458,1689878.3
2262,Rohan Yadav,Female,30.0,IT,Tech Lead,3.6,324332,20870.5,Delhi,Delhi,India,2224.0,2.9,2024-12-03,rohan.yadav2262@company.com,9911888696,345202.5
2169,Amit Kulkarni,Male,39.0,Customer Support,Support Executive,12.7,1577169,141866.16,Hyderabad,Telangana,India,2361.0,4.6,2025-11-29,amit.kulkarni2169@company.com,9415964200,1719035.16
2156,Sai Joshi,Female,,Operations,Operations Manager,17.4,403370,80331.12,Hyderabad,Telangana,India,2407.0,4.7,2015-03-24,sai.joshi2156@company.com,9324608194,483701.12
2384,Sai Verma,Female,32.0,Finance,Finance Manager,1.3,1715670,268433.32,Ahmedabad,Gujarat,India,2268.0,4.2,2024-05-19,sai.verma2384@company.com,9678330077,1984103.32
2246,Sai Sharma,Female,23.0,HR,HR Executive,16.8,1565181,171682.06,Mumbai,Maharashtra,India,2083.0,2.6,2019-09-04,sai.sharma2246@company.com,9666571459,1736863.06
2194,Pooja Khan,Male,23.0,Marketing,Marketing Executive,17.7,1393398,246232.09,Hyderabad,Telangana,India,2292.0,4.6,2017-12-14,pooja.khan2194@company.com,9163685395,1639630.09
2256,Riya Roy,Male,55.0,Customer Support,Senior Support Executive,14.4,494859,105192.28,Ahmedabad,Gujarat,India,2364.0,2.7,2018-06-25,riya.roy2256@company.com,9749182319,600051.28
2110,Sonia Reddy,Female,41.0,Sales,Sales Manager,7.2,1244872,184391.3,Kolkata,West Bengal,India,2349.0,3.9,2019-03-18,sonia.reddy2110@company.com,9537220237,1429263.3
2488,Komal Verma,Female,21.0,HR,HR Manager,12.8,1355298,124898.88,Jaipur,Rajasthan,India,2078.0,3.5,2015-09-15,komal.verma2488@company.com,9373772733,1480196.88
2146,Sonia Gupta,Male,42.0,HR,HR Manager,2.0,609774,102028.5,Bengaluru,Karnataka,India,2187.0,4.4,2024-06-29,sonia.gupta2146@company.com,9939313119,711802.5
2093,Arjun Roy,Male,50.0,IT,Tech Lead,5.1,1006975,209605.4,Lucknow,Uttar Pradesh,India,2439.0,4.2,2017-03-02,arjun.roy2093@company.com,9644340949,1216580.4
2153,Akash Banerjee,Male,56.0,Sales,Senior Sales Executive,20.6,1177935,286386.08,Ahmedabad,Gujarat,India,2041.0,3.9,2017-08-23,akash.banerjee2153@company.com,9380555919,1464321.08
2229,Amit Nair,Male,27.0,Sales,Senior Sales Executive,9.2,590263,60795.69,Lucknow,Uttar Pradesh,India,2048.0,3.1,2017-11-15,amit.nair2229@company.com,9552034487,651058.69
2417,Pooja Nair,Female,38.0,Operations,Operations Executive,8.0,482331,115513.9,Pune,Maharashtra,India,,4.4,2024-06-24,pooja.nair2417@company.com,9079107548,597844.9
2084,Rakesh Mehta,Female,39.0,Sales,Sales Executive,11.1,854639,167083.3,Pune,Maharashtra,India,,3.4,2019-06-29,rakesh.mehta2084@company.com,9532345866,1021722.3
2273,Varun Verma,Female,48.0,Operations,Operations Executive,13.7,306936,38945.51,Ahmedabad,Gujarat,India,2184.0,2.8,2021-01-01,varun.verma2273@company.com,9330963838,345881.51
2166,Aarav Khan,Female,54.0,Finance,Accountant,17.1,1614257,317557.68,Chennai,Tamil Nadu,India,2053.0,4.2,2018-11-11,aarav.khan2166@company.com,9351822753,1931814.68
2164,Meera Joshi,Male,51.0,Finance,Finance Manager,3.4,1727526,218245.0,Hyderabad,Telangana,India,2071.0,3.5,2024-10-06,meera.joshi2164@company.com,9939891810,1945771.0
2200,Aarav Banerjee,Male,41.0,Operations,Operations Manager,3.1,1193536,215212.67,Hyderabad,Telangana,India,2188.0,3.2,2021-01-04,aarav.banerjee2200@company.com,9693255154,1408748.67
2238,Akash Mehta,Male,29.0,IT,Tech Lead,17.8,1398499,324329.46,Pune,Maharashtra,India,2336.0,,2025-12-10,akash.mehta2238@company.com,9993591387,1722828.46
2075,Sonia Kulkarni,Female,31.0,Warehouse,Warehouse Supervisor,11.5,1039370,179780.14,Pune,Maharashtra,India,2030.0,3.2,2025-12-28,sonia.kulkarni2075@company.com,9063869167,1219150.14
2315,Isha Banerjee,Male,28.0,HR,HR Executive,1.2,951250,135868.88,Jaipur,Rajasthan,India,2019.0,5.0,2019-09-25,isha.banerjee2315@company.com,9220725607,1087118.88
2223,Ananya Nair,Female,41.0,Warehouse,Warehouse Supervisor,21.8,1555522,362272.99,Jaipur,Rajasthan,India,2152.0,2.9,2020-12-15,ananya.nair2223@company.com,9854757863,1917794.99
2480,Deepak Singh,Female,30.0,IT,Tech Lead,14.2,641011,70978.58,Hyderabad,Telangana,India,,2.7,2018-04-22,deepak.singh2480@company.com,9025034602,711989.58
2120,Sonia Singh,Female,60.0,Customer Support,Support Manager,3.8,547173,53466.76,Mumbai,Maharashtra,India,,3.0,2022-10-11,sonia.singh2120@company.com,9355445991,600639.76
2287,Arjun Mehta,Female,58.0,Finance,Finance Manager,19.1,972061,117174.5,Hyderabad,Telangana,India,2033.0,3.8,2019-09-29,arjun.mehta2287@company.com,9345845884,1089235.5
2305,Ananya Sharma,Female,27.0,Operations,Operations Manager,13.3,1718762,115159.09,Bengaluru,Karnataka,India,2053.0,3.5,2022-10-17,ananya.sharma2305@company.com,9781312842,1833921.09
2425,Diya Khan,Male,48.0,Sales,Sales Manager,5.4,406861,51293.18,Jaipur,Rajasthan,India,2114.0,3.3,2022-02-07,diya.khan2425@company.com,9345632234,458154.18
2361,Isha Khan,Female,33.0,Sales,Sales Manager,17.1,1588608,159788.89,Jaipur,Rajasthan,India,2329.0,4.7,2015-01-09,isha.khan2361@company.com,9668384154,1748396.89
2408,Karan Banerjee,Male,24.0,Customer Support,Senior Support Executive,24.4,676717,161743.92,Mumbai,Maharashtra,India,2223.0,5.0,2022-04-16,karan.banerjee2408@company.com,9964024696,838460.92
2235,Riya Gupta,Female,24.0,Warehouse,Warehouse Associate,2.1,1684902,175671.38,Kolkata,West Bengal,India,2453.0,4.7,2015-03-20,riya.gupta2235@company.com,9623903851,1860573.38
2381,Ananya Khan,Female,50.0,Operations,Operations Executive,17.6,500349,64400.05,Delhi,Delhi,India,2452.0,3.1,2024-10-05,ananya.khan2381@company.com,9629672495,564749.05
2479,Pooja Khan,Male,37.0,Marketing,Digital Marketer,10.1,1175129,280918.47,Hyderabad,Telangana,India,2360.0,3.3,2015-06-18,pooja.khan2479@company.com,9364497294,1456047.47
2391,Isha Banerjee,Male,59.0,Finance,Finance Analyst,7.5,1240092,302018.41,Chennai,Tamil Nadu,India,2487.0,3.2,2023-10-06,isha.banerjee2391@company.com,9931457787,1542110.41
2279,Ananya Kulkarni,Female,60.0,Customer Support,Support Manager,20.7,931661,111399.37,Delhi,Delhi,India,,3.9,2017-02-25,ananya.kulkarni2279@company.com,9503752762,1043060.37
2037,Aarav Reddy,Female,57.0,Sales,Sales Executive,12.0,1666314,230694.31,Hyderabad,Telangana,India,2417.0,3.0,2021-07-25,aarav.reddy2037@company.com,9403368362,1897008.31
2197,Riya Patel,Male,49.0,Warehouse,Warehouse Supervisor,4.7,1161440,197639.62,Lucknow,Uttar Pradesh,India,2262.0,4.6,2017-01-14,riya.patel2197@company.com,9273452312,1359079.62
2140,Aditya Singh,Female,59.0,Sales,Sales Executive,21.0,987433,78663.61,Chennai,Tamil Nadu,India,2347.0,4.9,2019-06-12,aditya.singh2140@company.com,9281985501,1066096.61
2372,Sonia Patel,Male,,Operations,Operations Manager,12.7,1273639,109277.85,Kolkata,West Bengal,India,2254.0,3.8,2020-06-02,sonia.patel2372@company.com,9456762842,1382916.85
2254,Rakesh Khan,Male,41.0,Finance,Accountant,7.5,1416263,161213.16,Ahmedabad,Gujarat,India,,4.2,2018-01-21,rakesh.khan2254@company.com,9206523317,1577476.16
2290,Ananya Reddy,Female,35.0,Warehouse,Warehouse Supervisor,24.3,399235,31806.12,Hyderabad,Telangana,India,2083.0,3.6,2016-11-12,ananya.reddy2290@company.com,9729866120,431041.12
2291,Rahul Joshi,Male,49.0,IT,Senior Software Engineer,5.0,1479621,283239.23,Kolkata,West Bengal,India,2277.0,4.9,2016-08-28,rahul.joshi2291@company.com,9951097991,1762860.23
2060,Aditya Yadav,Female,57.0,Operations,Operations Manager,17.9,1175967,126890.42,Pune,Maharashtra,India,2486.0,2.6,2018-08-23,aditya.yadav2060@company.com,9689082553,1302857.42
2112,Neha Banerjee,Male,56.0,Finance,Finance Manager,13.3,1737211,219142.92,Bengaluru,Karnataka,India,2033.0,3.2,2018-01-04,neha.banerjee2112@company.com,9122739746,1956353.92
2090,Riya Kulkarni,Male,43.0,Warehouse,Warehouse Supervisor,18.8,748762,67698.27,Jaipur,Rajasthan,India,2071.0,3.2,2021-04-21,riya.kulkarni2090@company.com,9172092213,816460.27
2269,Arjun Das,Female,50.0,Finance,Finance Manager,17.0,708788,109146.59,Bengaluru,Karnataka,India,2426.0,3.3,2015-02-13,arjun.das2269@company.com,9045637206,817934.59
2007,Aarav Joshi,Female,52.0,Sales,Sales Executive,23.3,944903,92496.99,Chennai,Tamil Nadu,India,,4.7,2025-08-14,aarav.joshi2007@company.com,9789516915,1037399.99
2368,Rahul Joshi,Female,47.0,Marketing,Marketing Executive,3.1,388483,57956.28,Delhi,Delhi,India,2320.0,4.1,2022-10-10,rahul.joshi2368@company.com,9247883480,446439.28
2352,Akash Joshi,Male,57.0,Finance,Finance Analyst,12.8,339141,25115.64,Jaipur,Rajasthan,India,2106.0,2.9,2015-03-19,akash.joshi2352@company.com,9278486408,364256.64
2393,Komal Roy,Female,46.0,Operations,Operations Manager,24.3,1082541,137274.3,Hyderabad,Telangana,India,,4.1,2021-08-06,komal.roy2393@company.com,9891917977,1219815.3
2159,Priya Kulkarni,Male,39.0,Sales,Senior Sales Executive,1.7,1500112,308972.11,Chennai,Tamil Nadu,India,2106.0,4.6,2022-04-05,priya.kulkarni2159@company.com,9240770966,1809084.11
2151,Komal Nair,Female,39.0,IT,Software Engineer,2.8,1123975,184729.74,Ahmedabad,Gujarat,India,,2.9,2019-01-17,komal.nair2151@company.com,9086402694,1308704.74
2178,Karan Banerjee,Male,38.0,Operations,Operations Manager,24.3,1249686,263632.97,Bengaluru,Karnataka,India,2263.0,3.5,2022-11-07,karan.banerjee2178@company.com,9278796262,1513318.97
2422,Nikhil Gupta,Male,33.0,IT,Software Engineer,3.8,1183017,235165.79,Delhi,Delhi,India,2492.0,2.9,2017-03-26,nikhil.gupta2422@company.com,,1418182.79
2185,Amit Verma,Female,23.0,IT,Tech Lead,5.2,1377715,91575.46,Mumbai,Maharashtra,India,2274.0,2.9,2025-09-21,amit.verma2185@company.com,,1469290.46
2288,Rohan Reddy,Male,33.0,Warehouse,Warehouse Associate,2.5,674995,72679.77,Mumbai,Maharashtra,India,,2.8,2018-02-04,rohan.reddy2288@company.com,9112904694,747674.77
2011,Neha Verma,Female,34.0,Operations,Operations Executive,4.5,304520,75235.25,Hyderabad,Telangana,India,2217.0,4.8,2023-10-21,neha.verma2011@company.com,9677641207,379755.25
2389,Rahul Singh,Female,,Sales,Sales Manager,19.9,1170094,210159.75,Hyderabad,Telangana,India,2170.0,4.4,2017-07-27,rahul.singh2389@company.com,9320998628,1380253.75
2104,Neha Sharma,Male,30.0,Sales,Senior Sales Executive,14.1,1524803,252855.92,Pune,Maharashtra,India,2195.0,3.2,2017-03-14,neha.sharma2104@company.com,9525937477,1777658.92
2082,Vivaan Singh,Female,47.0,Warehouse,Warehouse Supervisor,5.5,1572258,123789.75,Kolkata,West Bengal,India,2205.0,4.3,2024-08-26,vivaan.singh2082@company.com,9135342202,1696047.75
2039,Sai Khan,Female,49.0,Warehouse,Warehouse Associate,1.2,1621252,278489.48,Chennai,Tamil Nadu,India,2283.0,4.3,2018-06-26,sai.khan2039@company.com,9428196192,1899741.48
2321,Karan Gupta,Female,41.0,Customer Support,Support Executive,4.4,1382897,266501.94,Bengaluru,Karnataka,India,2481.0,4.6,2022-09-09,karan.gupta2321@company.com,9347268714,1649398.94
2199,Nikhil Nair,Female,35.0,Warehouse,Warehouse Supervisor,9.1,1761101,290976.44,Pune,Maharashtra,India,2466.0,2.8,2020-05-08,nikhil.nair2199@company.com,9828417751,2052077.44
2263,Pooja Nair,Female,56.0,Warehouse,Warehouse Supervisor,9.2,689632,93068.85,Delhi,Delhi,India,2365.0,3.9,2024-06-30,pooja.nair2263@company.com,9545395714,782700.85
2147,Rakesh Verma,Female,32.0,Marketing,Marketing Executive,16.8,667739,83919.32,Hyderabad,Telangana,India,,2.8,2023-03-05,rakesh.verma2147@company.com,9758751386,751658.32
2401,Sneha Mehta,Male,45.0,IT,Tech Lead,5.3,600231,134434.78,Lucknow,Uttar Pradesh,India,2066.0,4.5,2023-01-14,sneha.mehta2401@company.com,9408994894,734665.78
2148,Rakesh Joshi,Male,52.0,HR,HR Manager,18.8,799113,95383.75,Kolkata,West Bengal,India,2421.0,2.9,2024-12-05,rakesh.joshi2148@company.com,9768422021,894496.75
2313,Riya Banerjee,Female,33.0,Operations,Operations Manager,6.7,1380807,194204.6,Jaipur,Rajasthan,India,2265.0,,2015-03-18,riya.banerjee2313@company.com,9852974956,1575011.6
2292,Komal Nair,Female,39.0,Warehouse,Warehouse Supervisor,24.3,1503193,275651.84,Lucknow,Uttar Pradesh,India,2353.0,4.3,2025-05-05,komal.nair2292@company.com,9140610623,1778844.84
2124,Vivaan Joshi,Female,55.0,IT,Tech Lead,13.7,978750,240576.78,Hyderabad,Telangana,India,2264.0,,2017-12-31,vivaan.joshi2124@company.com,9960979981,1219326.78
2376,Meera Reddy,Female,50.0,Marketing,Marketing Executive,8.2,693942,94208.59,Pune,Maharashtra,India,2016.0,3.0,2020-01-18,meera.reddy2376@company.com,9351908834,788150.59
2097,Karan Das,Male,34.0,Customer Support,Support Executive,10.9,1768813,110996.52,Delhi,Delhi,India,2242.0,4.8,2015-10-10,karan.das2097@company.com,9047796493,1879809.52
2144,Vivaan Reddy,Female,54.0,Marketing,Marketing Manager,25.0,634757,44450.04,Chennai,Tamil Nadu,India,2378.0,3.2,2024-02-26,vivaan.reddy2144@company.com,9092873881,679207.04
2240,Nikhil Reddy,Female,29.0,Warehouse,Warehouse Supervisor,5.0,1112563,164980.99,Bengaluru,Karnataka,India,,2.9,2017-07-15,nikhil.reddy2240@company.com,9702479709,1277543.99
2278,Sonia Banerjee,Male,22.0,Warehouse,Warehouse Associate,0.7,676256,159073.93,Lucknow,Uttar Pradesh,India,2406.0,4.7,2019-09-01,sonia.banerjee2278@company.com,9762654960,835329.93
2098,Karan Banerjee,Male,55.0,HR,HR Manager,3.4,1426712,183491.89,Bengaluru,Karnataka,India,2388.0,4.3,2017-07-01,karan.banerjee2098@company.com,9026558232,1610203.89
2357,Nikhil Patel,Male,56.0,IT,Senior Software Engineer,5.7,1358684,328099.68,Kolkata,West Bengal,India,2134.0,4.7,2025-08-08,nikhil.patel2357@company.com,9972632939,1686783.68
2123,Diya Banerjee,Male,36.0,IT,Software Engineer,11.5,1031018,229339.57,Mumbai,Maharashtra,India,2122.0,3.6,2016-04-25,diya.banerjee2123@company.com,9276864678,1260357.57
2184,Sneha Nair,Male,28.0,Marketing,Digital Marketer,6.4,1646925,284490.19,Lucknow,Uttar Pradesh,India,2165.0,3.1,2015-06-13,sneha.nair2184@company.com,9371270575,1931415.19
2203,Amit Das,Male,23.0,Finance,Finance Manager,4.7,375625,45806.72,Delhi,Delhi,India,2400.0,4.9,2015-12-22,amit.das2203@company.com,9364207957,421431.72
2247,Aditya Reddy,Female,41.0,Marketing,Digital Marketer,20.6,1196163,261555.31,Mumbai,Maharashtra,India,,3.2,2016-07-05,aditya.reddy2247@company.com,9834220595,1457718.31
2312,Akash Gupta,Female,37.0,Sales,Senior Sales Executive,24.9,1143112,241105.87,Lucknow,Uttar Pradesh,India,2297.0,4.4,2016-01-12,akash.gupta2312@company.com,9030842763,1384217.87
2415,Aarav Patel,Female,35.0,Operations,Operations Executive,19.7,559005,47597.19,Hyderabad,Telangana,India,2271.0,4.0,2024-01-18,aarav.patel2415@company.com,9352200371,606602.19
2358,Sai Mehta,Male,59.0,Warehouse,Warehouse Associate,22.6,1710767,144914.29,Jaipur,Rajasthan,India,2202.0,4.7,2022-11-20,sai.mehta2358@company.com,9576008663,1855681.29
2306,Neha Kulkarni,Female,38.0,IT,Tech Lead,23.6,1046790,151957.54,Lucknow,Uttar Pradesh,India,2076.0,4.9,2020-06-07,neha.kulkarni2306@company.com,9712461000,1198747.54
2404,Meera Kulkarni,Male,40.0,Sales,Sales Manager,13.6,1114000,274010.47,Kolkata,West Bengal,India,2408.0,4.4,2023-12-11,meera.kulkarni2404@company.com,9165108382,1388010.47
2383,Komal Verma,Female,50.0,Customer Support,Support Executive,13.9,808126,155739.06,Ahmedabad,Gujarat,India,2083.0,2.9,2024-03-14,komal.verma2383@company.com,9101253076,963865.06
2126,Varun Yadav,Male,50.0,Marketing,Marketing Executive,20.0,1134070,106110.38,Pune,Maharashtra,India,2425.0,4.6,2020-07-19,varun.yadav2126@company.com,9251878706,1240180.38
2489,Rakesh Verma,Female,51.0,HR,HR Manager,3.7,979637,164354.11,Lucknow,Uttar Pradesh,India,2035.0,3.4,2021-12-04,rakesh.verma2489@company.com,9081019479,1143991.11
2224,Sonia Gupta,Female,25.0,Operations,Operations Executive,13.3,1343436,272914.75,Bengaluru,Karnataka,India,2165.0,4.0,2018-08-14,sonia.gupta2224@company.com,9150818240,1616350.75
2427,Komal Reddy,Female,58.0,Marketing,Marketing Executive,16.4,740471,123559.02,Mumbai,Maharashtra,India,2309.0,4.7,2016-06-18,komal.reddy2427@company.com,9159617905,864030.02
2220,Komal Reddy,Male,54.0,Finance,Finance Analyst,10.0,954540,226457.98,Bengaluru,Karnataka,India,2282.0,4.1,2015-06-22,komal.reddy2220@company.com,9526188216,1180997.98
2130,Arjun Joshi,Female,43.0,Operations,Operations Manager,19.9,819645,86385.28,Mumbai,Maharashtra,India,2312.0,3.1,2021-09-27,arjun.joshi2130@company.com,9290882613,906030.28
2429,Aarav Singh,Female,29.0,IT,Software Engineer,23.9,427492,89293.71,Chennai,Tamil Nadu,India,2273.0,4.4,2019-06-17,aarav.singh2429@company.com,9891737421,516785.71
2485,Komal Verma,Male,35.0,HR,HR Manager,15.9,313528,66193.09,Lucknow,Uttar Pradesh,India,,,2016-04-14,komal.verma2485@company.com,9185210539,379721.09
2335,Nikhil Mehta,Female,40.0,Customer Support,Support Executive,3.8,700140,50677.88,Delhi,Delhi,India,2108.0,4.2,2017-02-09,nikhil.mehta2335@company.com,9412885071,750817.88
2385,Isha Roy,Male,33.0,Customer Support,Support Executive,10.8,330534,38812.4,Chennai,Tamil Nadu,India,2452.0,4.2,2015-09-16,isha.roy2385@company.com,9086705836,369346.4
2410,Rakesh Kulkarni,Female,40.0,HR,HR Executive,8.5,1796880,416473.85,Jaipur,Rajasthan,India,2202.0,3.0,2024-02-12,rakesh.kulkarni2410@company.com,9558455771,2213353.85
2362,Amit Reddy,Male,,Sales,Senior Sales Executive,23.0,1416545,197993.75,Delhi,Delhi,India,,3.5,2018-10-02,amit.reddy2362@company.com,9507940213,1614538.75
2300,Arjun Yadav,Male,22.0,Warehouse,Warehouse Supervisor,8.1,1060361,82499.05,Ahmedabad,Gujarat,India,2497.0,4.7,2021-09-13,arjun.yadav2300@company.com,9370828121,1142860.05
2295,Diya Das,Female,54.0,Marketing,Marketing Executive,23.4,1538743,309630.19,Mumbai,Maharashtra,India,2213.0,2.5,2022-03-01,diya.das2295@company.com,9145918248,1848373.19
2374,Pooja Gupta,Female,25.0,Marketing,Marketing Executive,7.7,1352277,206300.94,Mumbai,Maharashtra,India,2061.0,4.5,2025-05-23,pooja.gupta2374@company.com,9002133862,1558577.94
2347,Riya Das,Male,45.0,Finance,Accountant,8.5,1521316,134653.28,Kolkata,West Bengal,India,2425.0,3.6,2016-08-23,riya.das2347@company.com,9404120645,1655969.28
2113,Pooja Patel,Male,40.0,Sales,Senior Sales Executive,8.6,1600637,201645.03,Kolkata,West Bengal,India,2441.0,3.6,2019-10-30,pooja.patel2113@company.com,9653664133,1802282.03
2180,Diya Das,Male,39.0,IT,Software Engineer,21.1,1748282,361669.69,Chennai,Tamil Nadu,India,2232.0,,2015-05-13,diya.das2180@company.com,9187875277,2109951.69
2478,Arjun Das,Male,30.0,Operations,Operations Executive,16.7,597026,72502.17,Delhi,Delhi,India,2221.0,3.1,2023-04-24,arjun.das2478@company.com,9371969868,669528.17
2353,Aarav Roy,Female,32.0,Operations,Operations Executive,21.6,965599,122053.83,Mumbai,Maharashtra,India,2147.0,2.8,2016-02-11,aarav.roy2353@company.com,9120341630,1087652.83
2337,Akash Das,Male,52.0,Operations,Operations Manager,13.1,1582398,375117.24,Ahmedabad,Gujarat,India,2217.0,3.1,2015-09-06,akash.das2337@company.com,9552681664,1957515.24
2492,Aditya Roy,Male,54.0,Warehouse,Warehouse Associate,20.9,1496152,322443.42,Jaipur,Rajasthan,India,2437.0,3.4,2021-12-08,aditya.roy2492@company.com,9104300721,1818595.42
2405,Isha Verma,Female,30.0,IT,Software Engineer,18.8,1774228,100898.17,Kolkata,West Bengal,India,,3.3,2022-09-21,isha.verma2405@company.com,9974847393,1875126.17
2234,Aarav Roy,Male,40.0,Warehouse,Warehouse Supervisor,1.1,738324,146190.07,Chennai,Tamil Nadu,India,2281.0,3.0,2020-11-13,aarav.roy2234@company.com,9471605601,884514.07
2457,Rakesh Kulkarni,Female,21.0,Marketing,Marketing Executive,12.9,861217,194567.38,Hyderabad,Telangana,India,2213.0,3.3,2025-02-14,rakesh.kulkarni2457@company.com,9609007857,1055784.38
2318,Priya Khan,Male,44.0,Warehouse,Warehouse Supervisor,20.6,344195,61638.27,Lucknow,Uttar Pradesh,India,2482.0,2.6,2023-04-17,priya.khan2318@company.com,9096236796,405833.27
2165,Rahul Mehta,Male,41.0,Sales,Sales Executive,11.6,739106,149475.8,Bengaluru,Karnataka,India,2391.0,3.9,2016-10-10,rahul.mehta2165@company.com,9714444057,888581.8
2137,Meera Verma,Male,55.0,Finance,Accountant,0.7,1159908,63542.14,Jaipur,Rajasthan,India,2005.0,3.4,2024-05-31,meera.verma2137@company.com,9906871524,1223450.14
2198,Amit Mehta,Female,30.0,Customer Support,Support Executive,12.2,1589220,270108.22,Jaipur,Rajasthan,India,,3.8,2016-04-26,amit.mehta2198@company.com,9695096448,1859328.22
2259,Arjun Joshi,Female,41.0,Customer Support,Senior Support Executive,4.8,1151011,73574.38,Mumbai,Maharashtra,India,2195.0,4.2,2021-09-08,arjun.joshi2259@company.com,9360215787,1224585.38
2233,Rakesh Sharma,Female,31.0,Marketing,Marketing Manager,20.6,1227381,214345.44,Ahmedabad,Gujarat,India,2351.0,2.6,2024-03-05,rakesh.sharma2233@company.com,9378109988,1441726.44
2116,Aditya Patel,Male,43.0,HR,HR Executive,14.3,1652728,306571.75,Pune,Maharashtra,India,2221.0,4.9,2018-09-20,aditya.patel2116@company.com,,1959299.75
2121,Ananya Verma,Female,29.0,HR,HR Manager,21.1,1598996,97094.64,Kolkata,West Bengal,India,,4.9,2020-06-07,ananya.verma2121@company.com,9895464840,1696090.64
2356,Pooja Sharma,Male,50.0,IT,Tech Lead,24.3,301138,18681.1,Ahmedabad,Gujarat,India,2195.0,3.2,2017-10-24,pooja.sharma2356@company.com,9982821500,319819.1
2225,Meera Mehta,Female,52.0,IT,Software Engineer,9.5,1570776,304053.6,Delhi,Delhi,India,2476.0,4.8,2017-05-04,meera.mehta2225@company.com,9808059437,1874829.6
2411,Varun Gupta,Male,32.0,HR,HR Executive,14.1,959126,71559.49,Bengaluru,Karnataka,India,2288.0,3.9,2022-04-27,varun.gupta2411@company.com,9270129196,1030685.49
2439,Neha Nair,Female,55.0,Warehouse,Warehouse Associate,9.9,1518369,293021.24,Jaipur,Rajasthan,India,2113.0,3.9,2022-10-11,neha.nair2439@company.com,9720905990,1811390.24
2128,Varun Gupta,Female,26.0,Customer Support,Support Executive,5.7,463449,35472.37,Chennai,Tamil Nadu,India,,3.8,2019-12-28,varun.gupta2128@company.com,9689410371,498921.37
2286,Sonia Nair,Male,26.0,Marketing,Marketing Manager,23.3,1379480,329784.62,Kolkata,West Bengal,India,2239.0,4.7,2016-03-30,sonia.nair2286@company.com,9631507292,1709264.62
2433,Rohan Singh,Female,26.0,Warehouse,Warehouse Associate,11.8,669330,58748.42,Ahmedabad,Gujarat,India,2011.0,4.9,2017-01-08,rohan.singh2433@company.com,9388611446,728078.42
2108,Ananya Patel,Female,48.0,Marketing,Marketing Manager,24.4,499988,114476.37,Delhi,Delhi,India,2455.0,3.1,2025-02-08,ananya.patel2108@company.com,9529625618,614464.37
2378,Arjun Roy,Female,,Customer Support,Support Executive,3.1,1459529,124829.46,Lucknow,Uttar Pradesh,India,2467.0,3.7,2017-02-03,arjun.roy2378@company.com,9922600518,1584358.46
2332,Deepak Gupta,Male,52.0,Customer Support,Senior Support Executive,12.0,466059,107865.41,Ahmedabad,Gujarat,India,2154.0,3.3,2016-06-07,deepak.gupta2332@company.com,9852000140,573924.41
2134,Komal Das,Male,44.0,HR,HR Manager,18.5,547582,111863.37,Delhi,Delhi,India,2033.0,3.3,2019-10-25,komal.das2134@company.com,9296450811,659445.37
2371,Karan Kulkarni,Female,41.0,Operations,Operations Executive,23.1,1591904,266588.48,Jaipur,Rajasthan,India,2028.0,3.2,2016-08-31,karan.kulkarni2371@company.com,9621554777,1858492.48
2045,Riya Mehta,Male,25.0,Warehouse,Warehouse Supervisor,24.7,927371,164875.19,Pune,Maharashtra,India,2102.0,4.2,2020-02-15,riya.mehta2045@company.com,9981332608,1092246.19
2471,Aditya Roy,Male,34.0,Customer Support,Support Executive,24.3,426388,39438.8,Chennai,Tamil Nadu,India,2054.0,3.7,2019-04-27,aditya.roy2471@company.com,9387539768,465826.8
2066,Diya Roy,Female,33.0,Finance,Accountant,4.3,920320,201444.87,Mumbai,Maharashtra,India,2453.0,3.8,2021-01-19,diya.roy2066@company.com,9568651166,1121764.87
2284,Aarav Banerjee,Male,23.0,Warehouse,Warehouse Associate,10.9,1126949,164369.87,Mumbai,Maharashtra,India,,3.6,2017-09-12,aarav.banerjee2284@company.com,9764232906,1291318.87
2086,Sonia Kulkarni,Female,58.0,Marketing,Marketing Manager,20.8,1416397,209583.32,Lucknow,Uttar Pradesh,India,,3.2,2024-02-24,sonia.kulkarni2086@company.com,9314388652,1625980.32
2243,Meera Khan,Male,46.0,Operations,Operations Manager,11.5,675135,95015.9,Chennai,Tamil Nadu,India,2355.0,4.7,2016-01-05,meera.khan2243@company.com,9671707607,770150.9
2187,Rakesh Kulkarni,Male,58.0,Sales,Sales Manager,21.3,1050151,247425.6,Mumbai,Maharashtra,India,2045.0,3.2,2022-09-10,rakesh.kulkarni2187@company.com,9293801277,1297576.6
2392,Aarav Reddy,Female,48.0,Customer Support,Senior Support Executive,15.1,620442,99624.64,Bengaluru,Karnataka,India,2146.0,3.1,2020-03-14,aarav.reddy2392@company.com,9360141105,720066.64
2160,Aarav Gupta,Female,59.0,IT,Tech Lead,24.2,1647924,173156.79,Pune,Maharashtra,India,2239.0,4.6,2020-02-24,aarav.gupta2160@company.com,9356509985,1821080.79
2013,Meera Nair,Female,37.0,Finance,Finance Manager,18.0,800560,82556.07,Bengaluru,Karnataka,India,2476.0,4.2,2018-05-13,meera.nair2013@company.com,9704990229,883116.07
2036,Vivaan Singh,Female,59.0,IT,Senior Software Engineer,3.5,1744262,193296.04,Pune,Maharashtra,India,2225.0,4.9,2020-08-11,vivaan.singh2036@company.com,9004320985,1937558.04
2029,Arjun Banerjee,Female,50.0,HR,HR Manager,4.8,1394182,338918.32,Hyderabad,Telangana,India,2248.0,4.0,2025-04-24,arjun.banerjee2029@company.com,9485329247,1733100.32
2171,Vivaan Sharma,Male,31.0,Marketing,Digital Marketer,22.4,1604023,166276.04,Mumbai,Maharashtra,India,2206.0,3.4,2018-11-04,vivaan.sharma2171@company.com,9448644811,1770299.04
2143,Karan Singh,Female,33.0,Finance,Finance Manager,24.9,1440130,300942.88,Pune,Maharashtra,India,2401.0,4.5,2019-01-10,karan.singh2143@company.com,9495313287,1741072.88
2407,Karan Patel,Male,,Sales,Sales Manager,7.9,1672866,138411.08,Bengaluru,Karnataka,India,2075.0,3.6,2020-05-30,karan.patel2407@company.com,9281638178,1811277.08
2125,Sai Gupta,Male,,Finance,Finance Manager,10.1,598155,98985.74,Hyderabad,Telangana,India,2325.0,4.1,2019-03-17,sai.gupta2125@company.com,9774768445,697140.74
2222,Rakesh Singh,Male,29.0,Warehouse,Warehouse Associate,8.3,1470945,305533.46,Kolkata,West Bengal,India,2011.0,4.5,2019-12-02,rakesh.singh2222@company.com,9631844261,1776478.46
2096,Arjun Sharma,Male,57.0,HR,HR Executive,8.5,1391235,192502.56,Chennai,Tamil Nadu,India,,4.3,2020-06-25,arjun.sharma2096@company.com,9584540487,1583737.56
2052,Deepak Yadav,Male,29.0,Sales,Senior Sales Executive,19.9,798978,134045.01,Delhi,Delhi,India,,2.9,2015-08-03,deepak.yadav2052@company.com,9410435426,933023.01
2241,Pooja Yadav,Female,41.0,Warehouse,Warehouse Associate,11.0,387716,66526.63,Pune,Maharashtra,India,2381.0,4.3,2019-06-03,pooja.yadav2241@company.com,9556701488,454242.63
2399,Rahul Joshi,Female,42.0,Marketing,Marketing Manager,22.3,961072,205063.39,Kolkata,West Bengal,India,2500.0,4.2,2019-03-31,rahul.joshi2399@company.com,9331467816,1166135.39
2387,Sneha Patel,Male,37.0,Customer Support,Support Manager,8.4,1623038,307181.16,Bengaluru,Karnataka,India,2353.0,3.3,2022-02-15,sneha.patel2387@company.com,9384365362,1930219.16
2179,Rohan Khan,Male,32.0,Marketing,Marketing Manager,3.3,1038696,168742.44,Lucknow,Uttar Pradesh,India,2346.0,3.9,2022-06-25,rohan.khan2179@company.com,9782885016,1207438.44
2042,Rakesh Singh,Female,23.0,HR,HR Manager,21.8,1223389,85566.69,Ahmedabad,Gujarat,India,2336.0,2.5,2016-08-13,rakesh.singh2042@company.com,9907263036,1308955.69
2445,Rohan Reddy,Female,46.0,Finance,Finance Analyst,18.9,1046244,256089.3,Mumbai,Maharashtra,India,2052.0,3.3,2025-01-20,rohan.reddy2445@company.com,9570748016,1302333.3
2396,Varun Khan,Male,27.0,Marketing,Marketing Executive,7.1,739406,174502.31,Pune,Maharashtra,India,2418.0,4.2,2015-01-27,varun.khan2396@company.com,9407442411,913908.31
2207,Sonia Roy,Male,27.0,Customer Support,Support Executive,17.1,1691301,251213.97,Delhi,Delhi,India,2435.0,4.4,2021-01-26,sonia.roy2207@company.com,9464988499,1942514.97
2283,Rakesh Joshi,Male,57.0,Finance,Accountant,10.6,1394228,206126.4,Chennai,Tamil Nadu,India,2008.0,4.0,2024-05-21,rakesh.joshi2283@company.com,9772358515,1600354.4
2255,Riya Joshi,Male,31.0,Customer Support,Senior Support Executive,15.5,1010386,159757.61,Delhi,Delhi,India,2026.0,2.8,2020-04-12,riya.joshi2255@company.com,9104155866,1170143.61
2421,Amit Nair,Male,47.0,Customer Support,Senior Support Executive,0.7,1677060,167751.2,Ahmedabad,Gujarat,India,2457.0,3.5,2018-05-10,amit.nair2421@company.com,9181481343,1844811.2
2005,Meera Banerjee,Female,44.0,Finance,Accountant,13.0,490650,98697.4,Mumbai,Maharashtra,India,2217.0,2.9,2016-10-17,meera.banerjee2005@company.com,9535425961,589347.4
2257,Rahul Reddy,Female,50.0,Warehouse,Warehouse Associate,2.1,536741,64563.59,Ahmedabad,Gujarat,India,2310.0,4.6,2018-03-02,rahul.reddy2257@company.com,9554715034,601304.59
2458,Rahul Roy,Male,57.0,Operations,Operations Executive,14.1,1120746,99221.98,Pune,Maharashtra,India,2220.0,4.6,2023-12-27,rahul.roy2458@company.com,9169195408,1219967.98
2101,Amit Roy,Female,47.0,HR,HR Manager,9.7,1428117,206653.91,Chennai,Tamil Nadu,India,,3.3,2022-12-08,amit.roy2101@company.com,9404453230,1634770.91
2227,Deepak Banerjee,Male,31.0,HR,HR Manager,12.9,1678944,137061.08,Lucknow,Uttar Pradesh,India,2282.0,3.6,2018-12-14,deepak.banerjee2227@company.com,9933747652,1816005.08
2069,Aditya Khan,Male,,Marketing,Marketing Executive,10.7,1131424,170167.78,Chennai,Tamil Nadu,India,2015.0,3.5,2015-12-01,aditya.khan2069@company.com,9307310948,1301591.78
2214,Akash Sharma,Male,46.0,Customer Support,Support Executive,6.9,625633,41831.23,Pune,Maharashtra,India,2227.0,3.3,2017-10-10,akash.sharma2214@company.com,9618068349,667464.23
2437,Amit Roy,Male,48.0,HR,HR Manager,15.8,901894,107936.09,Mumbai,Maharashtra,India,2478.0,3.2,2020-08-06,amit.roy2437@company.com,9297789711,1009830.09
2172,Komal Sharma,Male,27.0,Operations,Operations Manager,20.2,1722693,237098.65,Lucknow,Uttar Pradesh,India,2442.0,3.4,2019-01-08,komal.sharma2172@company.com,9689191402,1959791.65
2099,Komal Reddy,Male,23.0,Operations,Operations Executive,6.4,441119,30957.44,Delhi,Delhi,India,2025.0,3.6,2022-07-15,komal.reddy2099@company.com,9204577192,472076.44
2293,Rahul Sharma,Male,58.0,Finance,Finance Analyst,5.3,475299,74946.32,Ahmedabad,Gujarat,India,,4.2,2025-09-27,rahul.sharma2293@company.com,9513699318,550245.32
2216,Priya Singh,Female,21.0,Sales,Sales Manager,20.5,585842,69584.55,Ahmedabad,Gujarat,India,2485.0,3.8,2022-09-18,priya.singh2216@company.com,9727757518,655426.55
2062,Varun Mehta,Female,50.0,Warehouse,Warehouse Supervisor,21.7,1615370,182904.76,Ahmedabad,Gujarat,India,2408.0,2.7,2019-12-17,varun.mehta2062@company.com,9205340808,1798274.76
2048,Pooja Patel,Male,35.0,Operations,Operations Manager,2.7,1127482,59512.71,Jaipur,Rajasthan,India,2345.0,2.8,2019-02-18,pooja.patel2048@company.com,,1186994.71
2033,Sai Mehta,Female,27.0,Sales,Sales Manager,7.5,1303936,180065.42,Bengaluru,Karnataka,India,2245.0,4.9,2017-10-31,sai.mehta2033@company.com,9104561890,1484001.42
2268,Karan Mehta,Female,51.0,IT,Software Engineer,13.5,1211703,63460.05,Ahmedabad,Gujarat,India,2350.0,3.5,2018-07-17,karan.mehta2268@company.com,,1275163.05
2328,Riya Singh,Male,53.0,IT,Tech Lead,22.3,1528254,141331.76,Delhi,Delhi,India,2472.0,3.8,2021-05-26,riya.singh2328@company.com,9076806635,1669585.76
2201,Riya Joshi,Female,46.0,HR,HR Executive,18.8,1236577,255503.83,Bengaluru,Karnataka,India,2174.0,2.8,2020-09-13,riya.joshi2201@company.com,9866036884,1492080.83
2456,Rakesh Sharma,Female,27.0,Warehouse,Warehouse Associate,16.0,1355625,225368.2,Delhi,Delhi,India,2115.0,4.2,2024-07-20,rakesh.sharma2456@company.com,,1580993.2
2028,Riya Joshi,Female,46.0,Finance,Accountant,15.0,1615422,159231.95,Hyderabad,Telangana,India,2408.0,4.6,2021-09-25,riya.joshi2028@company.com,,1774653.95
2398,Aditya Roy,Male,58.0,Finance,Finance Analyst,12.4,511412,26542.96,Hyderabad,Telangana,India,2405.0,4.4,2015-01-30,aditya.roy2398@company.com,9905069794,537954.96
2231,Meera Singh,Female,53.0,Finance,Accountant,1.7,1123934,274473.73,Lucknow,Uttar Pradesh,India,2149.0,3.9,2016-01-04,meera.singh2231@company.com,9713475234,1398407.73
2261,Riya Sharma,Female,56.0,Sales,Sales Executive,17.7,1053390,75780.52,Hyderabad,Telangana,India,2303.0,4.7,2017-08-21,riya.sharma2261@company.com,9333356413,1129170.52
2379,Neha Banerjee,Male,28.0,HR,HR Manager,12.2,444206,56768.9,Chennai,Tamil Nadu,India,2419.0,2.8,2017-04-22,neha.banerjee2379@company.com,9746955620,500974.9
2289,Neha Verma,Male,39.0,Finance,Accountant,1.0,787227,170820.0,Jaipur,Rajasthan,India,2336.0,4.1,2019-08-14,neha.verma2289@company.com,9635684317,958047.0
2163,Riya Patel,Female,29.0,IT,Tech Lead,20.3,683922,163720.45,Kolkata,West Bengal,India,2382.0,4.1,2017-06-29,riya.patel2163@company.com,9848354106,847642.45
2434,Karan Patel,Male,21.0,Customer Support,Senior Support Executive,9.9,530761,114279.45,Delhi,Delhi,India,,2.8,2023-08-21,karan.patel2434@company.com,9160991737,645040.45
2139,Rahul Khan,Female,41.0,Marketing,Digital Marketer,7.2,456630,109002.58,Bengaluru,Karnataka,India,,4.4,2021-07-22,rahul.khan2139@company.com,9143137448,565632.58
2063,Aditya Joshi,Female,50.0,Sales,Senior Sales Executive,22.8,1498850,270343.81,Kolkata,West Bengal,India,2032.0,4.0,2020-08-15,aditya.joshi2063@company.com,9488906079,1769193.81
2136,Aditya Joshi,Female,28.0,Sales,Sales Executive,6.0,1381656,340278.07,Pune,Maharashtra,India,2397.0,2.7,2020-03-20,aditya.joshi2136@company.com,9835025364,1721934.07
2129,Rahul Roy,Female,29.0,Operations,Operations Executive,16.2,1720059,135146.09,Jaipur,Rajasthan,India,2226.0,3.9,2021-11-04,rahul.roy2129@company.com,9327964281,1855205.09
2487,Meera Verma,Female,38.0,Operations,Operations Manager,17.6,525099,74980.32,Pune,Maharashtra,India,2289.0,2.9,2018-03-06,meera.verma2487@company.com,9350664931,600079.32
2009,Rahul Patel,Male,38.0,Warehouse,Warehouse Associate,13.7,1497564,247460.96,Chennai,Tamil Nadu,India,2049.0,4.5,2024-01-21,rahul.patel2009@company.com,9044476904,1745024.96
2327,Vivaan Gupta,Male,24.0,Finance,Accountant,1.4,845729,69951.08,Ahmedabad,Gujarat,India,2021.0,3.6,2025-01-14,vivaan.gupta2327@company.com,9495417132,915680.08
2474,Amit Joshi,Female,54.0,Operations,Operations Executive,17.2,1655483,165198.74,Mumbai,Maharashtra,India,2295.0,3.0,2015-08-06,amit.joshi2474@company.com,9201267317,1820681.74
2065,Sai Khan,Female,40.0,Operations,Operations Executive,15.1,477668,53458.87,Pune,Maharashtra,India,2344.0,4.1,2018-09-07,sai.khan2065@company.com,9799906503,531126.87
2301,Sai Patel,Female,28.0,Customer Support,Support Executive,19.5,1204391,70460.95,Mumbai,Maharashtra,India,2031.0,2.6,2022-05-26,sai.patel2301@company.com,9490300165,1274851.95
2015,Riya Joshi,Male,42.0,Finance,Finance Manager,16.0,853614,128965.55,Hyderabad,Telangana,India,,4.8,2024-06-27,riya.joshi2015@company.com,9680319147,982579.55
2157,Rahul Das,Female,59.0,Customer Support,Support Executive,11.3,1153898,228689.84,Jaipur,Rajasthan,India,,4.7,2024-03-16,rahul.das2157@company.com,9707475518,1382587.84
2041,Meera Mehta,Female,30.0,Warehouse,Warehouse Supervisor,9.0,1457454,295243.07,Pune,Maharashtra,India,2358.0,3.6,2018-08-11,meera.mehta2041@company.com,9238434939,1752697.07
2380,Sai Verma,Male,46.0,Finance,Finance Manager,8.6,1493759,337362.3,Ahmedabad,Gujarat,India,2148.0,3.7,2015-06-10,sai.verma2380@company.com,9693873884,1831121.3
2470,Karan Das,Male,29.0,Warehouse,Warehouse Associate,3.6,610381,122446.68,Pune,Maharashtra,India,,4.1,2022-06-30,karan.das2470@company.com,,732827.68
2412,Isha Das,Male,54.0,IT,Tech Lead,13.6,593297,98139.8,Kolkata,West Bengal,India,2262.0,3.8,2018-12-13,isha.das2412@company.com,9208212896,691436.8
2217,Neha Banerjee,Male,31.0,Operations,Operations Manager,5.9,466114,62668.04,Chennai,Tamil Nadu,India,2414.0,3.8,2023-12-21,neha.banerjee2217@company.com,9626521011,528782.04
2280,Diya Patel,Male,51.0,Warehouse,Warehouse Associate,4.4,390419,23739.63,Kolkata,West Bengal,India,2316.0,3.2,2019-11-16,diya.patel2280@company.com,9870791741,414158.63
2482,Riya Joshi,Female,32.0,Operations,Operations Manager,20.2,591873,110481.52,Chennai,Tamil Nadu,India,2155.0,3.1,2019-09-02,riya.joshi2482@company.com,9329417805,702354.52
2440,Rohan Roy,Male,39.0,Warehouse,Warehouse Associate,21.0,1456580,355935.6,Pune,Maharashtra,India,2383.0,3.1,2024-04-13,rohan.roy2440@company.com,9197309376,1812515.6
2338,Neha Sharma,Male,39.0,Finance,Finance Analyst,8.9,786755,119214.77,Lucknow,Uttar Pradesh,India,2437.0,4.8,2018-10-21,neha.sharma2338@company.com,9861279867,905969.77
2237,Akash Das,Male,30.0,Marketing,Digital Marketer,16.6,484119,94876.64,Jaipur,Rajasthan,India,2352.0,4.9,2021-11-13,akash.das2237@company.com,9221993521,578995.64
2208,Priya Banerjee,Male,57.0,HR,HR Executive,13.4,1187464,172970.77,Jaipur,Rajasthan,India,2352.0,2.6,2018-11-23,priya.banerjee2208@company.com,9741530631,1360434.77
2213,Sonia Mehta,Female,38.0,Warehouse,Warehouse Supervisor,18.8,1392481,338519.38,Pune,Maharashtra,India,,2.9,2024-07-30,sonia.mehta2213@company.com,9769701108,1731000.38
2296,Riya Yadav,Female,52.0,Warehouse,Warehouse Associate,1.2,305131,24656.05,Hyderabad,Telangana,India,2064.0,4.9,2024-05-10,riya.yadav2296@company.com,9684462129,329787.05
2500,Sneha Sharma,Female,45.0,Warehouse,Warehouse Associate,6.0,1095506,95183.43,Pune,Maharashtra,India,2278.0,3.8,2022-05-29,sneha.sharma2500@company.com,9799738272,1190689.43
2252,Aditya Verma,Male,44.0,Warehouse,Warehouse Supervisor,5.8,934007,79392.98,Kolkata,West Bengal,India,2048.0,4.5,2023-09-21,aditya.verma2252@company.com,9404519757,1013399.98
2499,Isha Das,Male,28.0,Marketing,Marketing Manager,20.5,597714,34173.42,Chennai,Tamil Nadu,India,2488.0,,2022-04-16,isha.das2499@company.com,9140238026,631887.42
2468,Aarav Patel,Female,27.0,Operations,Operations Manager,7.2,1025246,133352.59,Jaipur,Rajasthan,India,2202.0,4.4,2020-07-15,aarav.patel2468@company.com,9294698912,1158598.59
2304,Sneha Reddy,Female,39.0,Sales,Sales Executive,8.5,542687,68897.49,Ahmedabad,Gujarat,India,2431.0,4.0,2018-07-01,sneha.reddy2304@company.com,9452810846,611584.49
2351,Rahul Patel,Female,45.0,Finance,Finance Analyst,8.8,396090,95701.64,Ahmedabad,Gujarat,India,,4.3,2022-03-30,rahul.patel2351@company.com,9106736609,491791.64
2270,Vivaan Joshi,Male,59.0,Customer Support,Support Manager,24.0,481165,106476.12,Bengaluru,Karnataka,India,2290.0,3.4,2023-07-26,vivaan.joshi2270@company.com,9811126049,587641.12
2202,Sonia Banerjee,Male,25.0,IT,Software Engineer,9.6,1577226,90771.04,Pune,Maharashtra,India,2267.0,4.8,2019-06-30,sonia.banerjee2202@company.com,9290714089,1667997.04
2162,Komal Sharma,Female,39.0,IT,Senior Software Engineer,10.4,374069,62321.67,Lucknow,Uttar Pradesh,India,2114.0,4.5,2018-11-06,komal.sharma2162@company.com,9664933165,436390.67
2044,Rohan Roy,Female,30.0,Finance,Finance Manager,10.6,1729839,360678.17,Bengaluru,Karnataka,India,2318.0,2.9,2021-11-01,rohan.roy2044@company.com,9645264684,2090517.17
2218,Pooja Joshi,Female,38.0,Warehouse,Warehouse Associate,8.4,619080,37099.24,Jaipur,Rajasthan,India,,2.6,2025-11-26,pooja.joshi2218@company.com,9277214337,656179.24
2402,Akash Gupta,Male,34.0,HR,HR Executive,3.1,361282,29642.12,Kolkata,West Bengal,India,2369.0,4.8,2023-08-05,akash.gupta2402@company.com,9248115706,390924.12
2191,Rahul Khan,Female,50.0,Warehouse,Warehouse Supervisor,19.5,1321253,211842.26,Bengaluru,Karnataka,India,2440.0,4.1,2015-12-02,rahul.khan2191@company.com,9881767886,1533095.26
2310,Arjun Banerjee,Female,43.0,Operations,Operations Manager,1.9,812185,80830.91,Hyderabad,Telangana,India,2445.0,4.0,2025-03-17,arjun.banerjee2310@company.com,9330348592,893015.91
2260,Deepak Singh,Female,55.0,IT,Senior Software Engineer,15.6,1237762,110325.84,Kolkata,West Bengal,India,2156.0,3.2,2023-11-28,deepak.singh2260@company.com,,1348087.84
2106,Vivaan Joshi,Female,52.0,Sales,Sales Executive,13.5,1162639,60887.63,Jaipur,Rajasthan,India,2009.0,4.3,2021-01-03,vivaan.joshi2106@company.com,9564919526,1223526.63
2054,Pooja Nair,Female,27.0,Customer Support,Support Manager,16.4,1456233,282753.82,Chennai,Tamil Nadu,India,2174.0,3.6,2024-12-16,pooja.nair2054@company.com,9837332964,1738986.82
2390,Amit Roy,Male,49.0,Sales,Sales Executive,21.8,446769,107551.7,Delhi,Delhi,India,2065.0,4.1,2016-08-02,amit.roy2390@company.com,9058920737,554320.7
2002,Aarav Reddy,Male,48.0,Marketing,Digital Marketer,4.3,1005889,70856.89,Pune,Maharashtra,India,2136.0,2.7,2024-07-03,aarav.reddy2002@company.com,9875935868,1076745.89
2451,Vivaan Joshi,Female,,Marketing,Digital Marketer,24.5,747575,45464.15,Delhi,Delhi,India,2130.0,4.9,2022-09-01,vivaan.joshi2451@company.com,9600427856,793039.15
2493,Isha Sharma,Female,22.0,Finance,Finance Analyst,23.1,827185,105950.22,Kolkata,West Bengal,India,2148.0,2.7,2024-10-09,isha.sharma2493@company.com,9058953061,933135.22
2050,Neha Mehta,Male,52.0,Operations,Operations Manager,1.3,1077057,100655.22,Ahmedabad,Gujarat,India,2352.0,4.9,2024-08-04,neha.mehta2050@company.com,9396029980,1177712.22
2420,Komal Mehta,Female,34.0,IT,Tech Lead,13.1,374300,88740.12,Lucknow,Uttar Pradesh,India,2316.0,4.6,2015-08-24,komal.mehta2420@company.com,9421374041,463040.12
2081,Sonia Roy,Male,22.0,Customer Support,Support Executive,23.7,1509576,155382.44,Chennai,Tamil Nadu,India,2016.0,4.4,2019-09-03,sonia.roy2081@company.com,9462948620,1664958.44
2206,Priya Gupta,Female,26.0,Operations,Operations Manager,2.4,674311,97984.87,Kolkata,West Bengal,India,2485.0,3.0,2021-06-07,priya.gupta2206@company.com,9791722228,772295.87
2035,Aarav Banerjee,Female,59.0,Warehouse,Warehouse Supervisor,1.3,904199,173055.7,Ahmedabad,Gujarat,India,2404.0,2.7,2017-08-14,aarav.banerjee2035@company.com,9758112121,1077254.7
2431,Vivaan Mehta,Male,34.0,Customer Support,Support Executive,16.4,1626832,278240.18,Kolkata,West Bengal,India,2282.0,,2025-08-12,vivaan.mehta2431@company.com,9218296037,1905072.18
2264,Nikhil Patel,Male,54.0,IT,Senior Software Engineer,13.2,1397558,318619.6,Mumbai,Maharashtra,India,2492.0,3.1,2022-01-27,nikhil.patel2264@company.com,9665569504,1716177.6
2428,Rahul Das,Female,33.0,HR,HR Executive,3.6,1177055,188445.49,Hyderabad,Telangana,India,2465.0,4.7,2023-07-08,rahul.das2428@company.com,9533614459,1365500.49
2367,Amit Joshi,Male,24.0,Finance,Finance Manager,20.6,1473251,326679.33,Pune,Maharashtra,India,2466.0,3.4,2025-12-13,amit.joshi2367@company.com,9201464685,1799930.33
2092,Ananya Khan,Male,46.0,Warehouse,Warehouse Associate,23.4,907056,204403.83,Delhi,Delhi,India,,3.2,2021-10-04,ananya.khan2092@company.com,9929549841,1111459.83
2340,Ananya Yadav,Male,25.0,Marketing,Digital Marketer,3.3,775403,57486.52,Chennai,Tamil Nadu,India,2394.0,3.7,2018-10-25,ananya.yadav2340@company.com,9082165679,832889.52
2484,Karan Singh,Female,21.0,Warehouse,Warehouse Supervisor,21.1,477542,29100.72,Mumbai,Maharashtra,India,2290.0,3.3,2016-02-03,karan.singh2484@company.com,9430767021,506642.72
2053,Komal Reddy,Female,50.0,Sales,Sales Executive,25.0,1142252,154494.98,Mumbai,Maharashtra,India,2461.0,3.7,2025-03-15,komal.reddy2053@company.com,9060265395,1296746.98
2346,Amit Patel,Male,44.0,IT,Tech Lead,12.9,559654,33325.48,Mumbai,Maharashtra,India,2233.0,,2021-06-02,amit.patel2346@company.com,9327579682,592979.48
2265,Sneha Joshi,Female,47.0,Marketing,Digital Marketer,7.6,374084,70705.7,Lucknow,Uttar Pradesh,India,2134.0,4.4,2023-02-25,sneha.joshi2265@company.com,9041098620,444789.7
2242,Isha Nair,Female,23.0,Operations,Operations Executive,5.2,1221811,158356.45,Hyderabad,Telangana,India,2217.0,4.4,2018-03-17,isha.nair2242@company.com,9296946051,1380167.45
2014,Aditya Khan,Male,44.0,IT,Software Engineer,11.2,1439210,274468.84,Lucknow,Uttar Pradesh,India,2005.0,5.0,2024-01-19,aditya.khan2014@company.com,9659182871,1713678.84
2316,Aarav Sharma,Male,41.0,IT,Software Engineer,22.6,1153555,264573.2,Mumbai,Maharashtra,India,2072.0,3.5,2024-06-01,aarav.sharma2316@company.com,9255165754,1418128.2
2089,Akash Das,Male,40.0,IT,Tech Lead,5.6,1778467,262858.52,Ahmedabad,Gujarat,India,2370.0,3.4,2025-06-21,akash.das2089@company.com,9216398982,2041325.52
2388,Meera Kulkarni,Male,35.0,Sales,Sales Manager,19.1,560164,62609.38,Pune,Maharashtra,India,,4.4,2021-12-13,meera.kulkarni2388@company.com,9142362794,622773.38
2274,Varun Reddy,Female,33.0,HR,HR Executive,24.2,1685659,148676.19,Pune,Maharashtra,India,2250.0,4.7,2022-01-27,varun.reddy2274@company.com,,1834335.19
2167,Deepak Singh,Female,52.0,Marketing,Marketing Executive,4.5,1145973,61681.94,Chennai,Tamil Nadu,India,2012.0,4.3,2016-06-21,deepak.singh2167@company.com,9513608250,1207654.94
2329,Arjun Yadav,Female,30.0,Sales,Sales Executive,11.8,1784168,324554.19,Ahmedabad,Gujarat,India,2003.0,4.1,2018-01-08,arjun.yadav2329@company.com,9306499971,2108722.19
2375,Nikhil Joshi,Male,,IT,Software Engineer,19.4,891072,191100.88,Pune,Maharashtra,India,2336.0,4.9,2024-03-20,nikhil.joshi2375@company.com,9069982722,1082172.88
2135,Varun Patel,Male,35.0,Sales,Sales Executive,21.5,325769,32221.91,Ahmedabad,Gujarat,India,2477.0,3.4,2025-04-27,varun.patel2135@company.com,9908762293,357990.91
2307,Deepak Sharma,Male,45.0,Marketing,Marketing Executive,7.9,1607013,111312.53,Mumbai,Maharashtra,India,2406.0,,2020-10-30,deepak.sharma2307@company.com,9424558507,1718325.53
2491,Rakesh Joshi,Male,33.0,IT,Senior Software Engineer,11.2,899972,85586.71,Bengaluru,Karnataka,India,2099.0,3.6,2020-12-04,rakesh.joshi2491@company.com,9009001075,985558.71
2320,Aditya Yadav,Female,51.0,Operations,Operations Manager,18.1,510544,109705.78,Hyderabad,Telangana,India,2374.0,,2018-12-12,aditya.yadav2320@company.com,9874006671,620249.78
2244,Komal Reddy,Male,45.0,Operations,Operations Executive,19.3,1002950,163579.46,Bengaluru,Karnataka,India,2365.0,2.9,2016-08-15,komal.reddy2244@company.com,9037921890,1166529.46
2055,Aditya Yadav,Male,26.0,Operations,Operations Executive,18.7,1081497,229660.06,Jaipur,Rajasthan,India,2169.0,2.6,2025-09-23,aditya.yadav2055@company.com,9648949023,1311157.06
2364,Rakesh Verma,Male,26.0,Sales,Sales Executive,9.7,1754089,110517.51,Bengaluru,Karnataka,India,2155.0,2.7,2023-12-31,rakesh.verma2364@company.com,9641008464,1864606.51
2051,Diya Mehta,Male,24.0,Marketing,Marketing Executive,24.7,1484005,135105.47,Jaipur,Rajasthan,India,2120.0,3.0,2017-06-03,diya.mehta2051@company.com,9319081121,1619110.47
2466,Akash Patel,Female,39.0,Finance,Finance Manager,5.8,1476415,155923.74,Lucknow,Uttar Pradesh,India,2039.0,4.9,2024-01-21,akash.patel2466@company.com,9566481040,1632338.74
2175,Sonia Mehta,Female,53.0,Finance,Finance Manager,17.0,1014823,124486.81,Delhi,Delhi,India,2287.0,4.5,2024-06-20,sonia.mehta2175@company.com,9757340603,1139309.81
2446,Aditya Khan,Male,35.0,Finance,Finance Manager,16.5,637740,158595.3,Jaipur,Rajasthan,India,2268.0,3.8,2023-03-04,aditya.khan2446@company.com,9937338487,796335.3
2190,Aditya Khan,Male,41.0,Warehouse,Warehouse Supervisor,8.5,1682908,187030.15,Lucknow,Uttar Pradesh,India,2162.0,2.9,2021-05-10,aditya.khan2190@company.com,9913776236,1869938.15
2378,Arjun Roy,Female,,Customer Support,Support Executive,3.1,1459529,124829.46,Lucknow,Uttar Pradesh,India,2467.0,3.7,2017-02-03,arjun.roy2378@company.com,9922600518,1584358.46
2464,Diya Kulkarni,Female,48.0,Warehouse,Warehouse Supervisor,15.1,869741,185410.03,Lucknow,Uttar Pradesh,India,2291.0,2.8,2019-04-18,diya.kulkarni2464@company.com,9388489246,1055151.03
2188,Akash Das,Male,40.0,Marketing,Marketing Executive,14.1,1464065,114599.36,Delhi,Delhi,India,2281.0,2.5,2021-09-09,akash.das2188@company.com,9937934651,1578664.36
2170,Arjun Yadav,Female,30.0,Customer Support,Support Manager,2.3,512421,118346.64,Chennai,Tamil Nadu,India,2238.0,3.6,2025-12-16,arjun.yadav2170@company.com,9088836418,630767.64
2059,Vivaan Sharma,Male,40.0,Finance,Accountant,19.2,907014,104873.01,Delhi,Delhi,India,2195.0,3.7,2019-10-30,vivaan.sharma2059@company.com,9525633744,1011887.01
2049,Sonia Gupta,Male,50.0,IT,Tech Lead,10.5,593133,35035.99,Delhi,Delhi,India,,3.3,2020-07-10,sonia.gupta2049@company.com,9253396557,628168.99
2345,Varun Gupta,Female,26.0,Sales,Sales Manager,8.7,564252,86947.81,Jaipur,Rajasthan,India,2160.0,3.2,2016-01-16,varun.gupta2345@company.com,9571075277,651199.81
2236,Amit Verma,Male,23.0,Finance,Finance Manager,8.0,1327463,170817.89,Bengaluru,Karnataka,India,2321.0,2.5,2022-09-03,amit.verma2236@company.com,9399202399,1498280.89
2253,Sai Reddy,Male,54.0,HR,HR Executive,18.3,1263365,161101.33,Jaipur,Rajasthan,India,2352.0,2.8,2018-06-27,sai.reddy2253@company.com,9883817707,1424466.33
2022,Aditya Verma,Female,57.0,Finance,Finance Manager,17.6,1336784,173689.11,Bengaluru,Karnataka,India,2441.0,4.1,2015-01-23,aditya.verma2022@company.com,9714195028,1510473.11
2314,Varun Khan,Female,57.0,Sales,Sales Manager,5.4,1269904,101019.26,Bengaluru,Karnataka,India,2223.0,4.4,2023-08-02,varun.khan2314@company.com,9489682216,1370923.26
2460,Isha Mehta,Male,40.0,Finance,Finance Manager,21.1,1092947,223046.78,Delhi,Delhi,India,,3.2,2025-06-26,isha.mehta2460@company.com,,1315993.78
2161,Sonia Joshi,Female,40.0,Customer Support,Senior Support Executive,2.1,879827,156713.86,Hyderabad,Telangana,India,2334.0,3.2,2022-12-22,sonia.joshi2161@company.com,9217888666,1036540.86
2277,Deepak Banerjee,Female,28.0,HR,HR Manager,21.0,747179,151561.95,Lucknow,Uttar Pradesh,India,,2.9,2015-09-16,deepak.banerjee2277@company.com,9146549008,898740.95
2444,Rahul Sharma,Male,39.0,HR,HR Executive,2.1,1552232,81019.37,Hyderabad,Telangana,India,2017.0,3.0,2017-04-06,rahul.sharma2444@company.com,9205094003,1633251.37
2192,Meera Joshi,Female,58.0,Finance,Accountant,14.0,1439737,329407.78,Jaipur,Rajasthan,India,,3.7,2023-09-11,meera.joshi2192@company.com,9385815030,1769144.78
2386,Sonia Gupta,Female,48.0,Customer Support,Support Executive,5.7,1047794,120154.27,Delhi,Delhi,India,,3.5,2018-07-19,sonia.gupta2386@company.com,9226260847,1167948.27
2294,Rohan Banerjee,Female,21.0,IT,Senior Software Engineer,9.1,1234440,277576.61,Mumbai,Maharashtra,India,2213.0,3.0,2024-12-15,rohan.banerjee2294@company.com,9828948150,1512016.61
2414,Deepak Mehta,Male,47.0,HR,HR Manager,24.8,1209382,152126.2,Lucknow,Uttar Pradesh,India,,3.1,2018-01-11,deepak.mehta2414@company.com,9150633282,1361508.2
2344,Amit Das,Female,46.0,IT,Tech Lead,18.7,1021750,52702.32,Hyderabad,Telangana,India,2359.0,4.8,2021-11-05,amit.das2344@company.com,9468664386,1074452.32
2258,Meera Banerjee,Male,60.0,Finance,Finance Manager,4.4,1311612,166264.25,Kolkata,West Bengal,India,2402.0,3.0,2022-10-13,meera.banerjee2258@company.com,,1477876.25
2309,Akash Joshi,Female,51.0,HR,HR Executive,10.1,1337442,224969.81,Pune,Maharashtra,India,2146.0,4.0,2018-12-15,akash.joshi2309@company.com,9300837083,1562411.81
2150,Aditya Roy,Male,45.0,HR,HR Executive,13.9,495254,58236.98,Lucknow,Uttar Pradesh,India,,4.7,2022-11-25,aditya.roy2150@company.com,9918112167,553490.98
2131,Rakesh Sharma,Male,52.0,Operations,Operations Executive,6.4,1638155,276497.55,Jaipur,Rajasthan,India,2479.0,4.7,2015-02-19,rakesh.sharma2131@company.com,9338451490,1914652.55
2152,Arjun Das,Female,51.0,Warehouse,Warehouse Supervisor,2.7,1441114,183749.85,Kolkata,West Bengal,India,2023.0,4.7,2019-02-22,arjun.das2152@company.com,9242207603,1624863.85
2360,Rohan Sharma,Female,52.0,Finance,Accountant,5.3,1638897,211773.74,Hyderabad,Telangana,India,2100.0,3.9,2020-07-16,rohan.sharma2360@company.com,9656501025,1850670.74
2100,Komal Joshi,Female,57.0,Marketing,Marketing Executive,7.9,600438,148391.71,Jaipur,Rajasthan,India,2286.0,3.1,2018-05-15,komal.joshi2100@company.com,9989644996,748829.71
2373,Diya Das,Female,45.0,HR,HR Manager,6.7,477752,36722.92,Mumbai,Maharashtra,India,2299.0,3.2,2020-10-26,diya.das2373@company.com,9053443420,514474.92
2088,Komal Kulkarni,Male,29.0,Finance,Finance Manager,8.5,1688790,246013.13,Pune,Maharashtra,India,2273.0,3.3,2016-12-10,komal.kulkarni2088@company.com,9337766612,1934803.13
2459,Amit Patel,Female,37.0,HR,HR Manager,5.5,495591,27320.96,Delhi,Delhi,India,2317.0,4.1,2021-08-27,amit.patel2459@company.com,9790371463,522911.96
2331,Neha Kulkarni,Female,59.0,HR,HR Manager,16.8,1070612,163301.14,Ahmedabad,Gujarat,India,2289.0,3.6,2019-05-09,neha.kulkarni2331@company.com,9604316059,1233913.14
2215,Akash Khan,Female,56.0,Warehouse,Warehouse Associate,24.3,1763021,278306.11,Lucknow,Uttar Pradesh,India,2450.0,4.0,2022-01-28,akash.khan2215@company.com,9556335843,2041327.11
2467,Priya Banerjee,Male,28.0,Warehouse,Warehouse Associate,15.2,1539775,194891.64,Lucknow,Uttar Pradesh,India,2439.0,2.6,2015-03-15,priya.banerjee2467@company.com,9504190553,1734666.64
2122,Aarav Reddy,Male,39.0,Sales,Senior Sales Executive,6.0,905385,75728.03,Ahmedabad,Gujarat,India,2282.0,3.9,2023-08-31,aarav.reddy2122@company.com,9552595774,981113.03
2451,Vivaan Joshi,Female,,Marketing,Digital Marketer,24.5,747575,45464.15,Delhi,Delhi,India,2130.0,4.9,2022-09-01,vivaan.joshi2451@company.com,9600427856,793039.15
2021,Rakesh Roy,Female,49.0,Warehouse,Warehouse Associate,13.0,655868,119217.22,Hyderabad,Telangana,India,2048.0,3.8,2022-02-05,rakesh.roy2021@company.com,9876210248,775085.22
2189,Isha Joshi,Female,33.0,Customer Support,Support Executive,16.9,1489698,328404.26,Jaipur,Rajasthan,India,,3.7,2021-03-01,isha.joshi2189@company.com,9621593622,1818102.26
2072,Rohan Das,Male,43.0,Customer Support,Senior Support Executive,6.4,1678047,294751.29,Lucknow,Uttar Pradesh,India,,4.3,2018-09-23,rohan.das2072@company.com,9336869411,1972798.29
2107,Priya Yadav,Female,38.0,Operations,Operations Executive,9.6,1151501,163282.32,Chennai,Tamil Nadu,India,2424.0,5.0,2017-07-14,priya.yadav2107@company.com,9868703500,1314783.32
2271,Varun Banerjee,Female,37.0,HR,HR Executive,7.3,430835,54526.39,Kolkata,West Bengal,India,2136.0,5.0,2017-11-23,varun.banerjee2271@company.com,9109236154,485361.39
2349,Ananya Nair,Female,28.0,Operations,Operations Executive,3.5,1499077,161777.56,Jaipur,Rajasthan,India,2192.0,2.9,2019-03-02,ananya.nair2349@company.com,9347150882,1660854.56
2436,Karan Singh,Female,39.0,Finance,Finance Manager,9.9,1799151,386020.39,Mumbai,Maharashtra,India,2490.0,3.7,2016-03-27,karan.singh2436@company.com,,2185171.39
2103,Arjun Kulkarni,Female,36.0,Finance,Finance Analyst,22.9,1457794,166659.39,Hyderabad,Telangana,India,2158.0,3.5,2020-12-25,arjun.kulkarni2103@company.com,9254094893,1624453.39
